date,AAPL,ADMP,ADMS,ADNT,AFSI,ARRY,BANC,BANF,BDSI,BREW,CAAS,CABO,CACC,CACI,CAKE,CCOI,CRESY,DFIN,DFRG,DGLD,DXB,DWTR,EBAY,EXLS,EPZM,FLOW,FLWS,GTN,GWB,HIBB,HASI,ISTR,IVAC,KRNT,LOCO,NTRI,OEC,PEE,PSCI,QQQ,RE,SAVR,TNC,TNP,VIAV,VTRB,VTEN,ZBIQ,ZFGN,ZUMZ
2017/1/3,116.1500015,3.25,16.59000015,57.72999954,27.27000046,8.56000042,17.25,46.09999847,1.75,17.10000038,5.400000095,619.6599731,216.3399963,124.3499985,59.43000031,41.84999847,16.37999916,23.45999908,17.04999924,63.06999969,24.04000092,24.53499985,29.84000015,50.25,12.30000019,33.29999924,10.80000019,10.94999981,43.77000046,37.04999924,19.12000084,18.95000076,9,13.25,12.69999981,35.09999847,19.04999924,33,55.95999908,119.5400009,216.0399933,39.90000153,72.59999847,4.860000134,8.359999657,24,3.5,45.20000076,3.24000001,22
2017/1/4,116.0199966,3.200000048,18,58.18000031,27.38999939,9.170000076,17.70000076,47.42499924,1.75,17.25,5.449999809,606.4000244,220.6199951,126.5500031,59.38999939,42.40000153,16.5,24.12000084,16.79999924,62.49000168,24.13999939,24.78000069,29.76000023,50.86999893,12.39999962,33.38999939,11.05000019,11.19999981,44.25,37.79999924,19.19000053,19.04999924,8.899999619,12.89999962,13.10000038,36.75,19.39999962,33.29000092,56.50999832,120.1900024,217.8000031,40.25,74.15000153,5.019999981,8.550000191,24.70000076,3.599999905,41.61999893,3.329999924,22.75
2017/1/5,116.6100006,3.200000048,18.04999924,57,27.32999992,8.819999695,17.35000038,46.65000153,1.850000024,17.04999924,5.449999809,586.4400024,209.4900055,124.8000031,58.40000153,41.90000153,16.78000069,24.19000053,16.64999962,59.63000107,24.09000015,24.62000084,30.01000023,50.63000107,11.89999962,32.02999878,10.89999962,11,43.43000031,36.04999924,19.12000084,19.45000076,9.149999619,12.5,12.85000038,35.09999847,19.14999962,33.61000061,55.61999893,120.8700027,217.7799988,39.38000107,71.65000153,5.050000191,8.479999542,24.26000023,3.599999905,41.25999832,3.349999905,20.60000038
2017/1/6,117.9100037,3.299999952,19.02000046,56.49000168,27.5,8.93999958,17.35000038,46.52500153,1.899999976,16.75,5.5,570,209.6799927,124.5,58.34999847,41.65000153,16.98999977,24.12999916,16,60.91999817,24.12000084,24.68000031,31.04999924,50.38000107,12.10000038,33.18999863,10.55000019,11.05000019,43.45999908,34.40000153,19.51000023,19.04999924,8.850000381,12.64999962,12.5,34.54999924,19.45000076,33.47999954,55.25,121.9300003,218.8200073,39.43000031,71.25,5.039999962,8.520000458,24.19000053,3.700000048,40.40000153,4.179999828,19.85000038
2017/1/9,118.9899979,3.299999952,18.09000015,55.88000107,27.05999947,9.399999619,17.29999924,45.875,1.850000024,16.04999924,5.679999828,576.8900146,207.6399994,123.9499969,58.38000107,41.45000076,17,23.29000092,15.85000038,59.43000031,24.20999908,24.43000031,30.75,50.06000137,11.94999981,33.09000015,10.64999962,10.94999981,42.93999863,34.25,19.96999931,19.64999962,8.600000381,13.35000038,12.35000038,34.04999924,18.95000076,33.47000122,54.61000061,122.3300018,216.9700012,38.81999969,70.80000305,5.019999981,8.369999886,24.29999924,3.599999905,38.70000076,4.059999943,19.95000076
2017/1/10,119.1100006,3.450000048,17.34000015,58.54000092,27.28000069,9.75,17.25,46.90000153,1.850000024,15.85000038,5.900000095,578.2800293,209.6900024,123.8499985,59.90999985,41.5,16.93000031,23.60000038,17.25,58.74000168,24.23999977,24.57999992,30.25,49.79999924,12,33.83000183,10.75,10.55000019,43.43000031,34.59999847,20.13999939,19.35000038,8.449999809,13.94999981,12.69999981,34.90000153,19.75,33.43999863,55.52999878,122.5999985,219.4199982,39.52000046,69.30000305,5.059999943,8.369999886,24.5,3.299999952,37.74000168,3.980000019,20.20000076
2017/1/11,119.75,3.400000095,16.70999908,61.56000137,27.31999969,9.420000076,17.04999924,47.02500153,1.899999976,14.89999962,5.670000076,586.4000244,211.5399933,123.9499969,60.04000092,41.40000153,16.88999939,23.63999939,17.95000076,58.06000137,24.45000076,24.71999931,30.40999985,49.63000107,11.5,35.52000046,10.64999962,10.94999981,43.70999908,34.09999847,19.79999924,19.35000038,8.350000381,16.79999924,12.75,34.84999847,20.20000076,32.83000183,55.95999908,122.9300003,220.0899963,39.90000153,67.80000305,5.059999943,8.409999847,24.92000008,3.299999952,41.20000076,3.789999962,19.75
2017/1/12,119.25,3.25,16.72999954,60.08000183,27.02000046,10.10999966,16.79999924,46.20000076,1.950000048,14.5,5.5,574.0300293,210.4100037,123.6999969,60.90000153,41.40000153,16.39999962,23.11000061,17.54999924,57.50999832,24.43000031,24.45999908,30.35000038,49.18999863,11.39999962,35.09999847,10.25,10.64999962,42.77000046,33.75,19.57999992,19.60000038,8.350000381,16.95000076,12.5,34.45000076,19.95000076,32.59999847,55.33000183,122.7399979,219.7799988,39.31999969,66.5,5.099999905,8.359999657,25.15999985,4.199999809,40.54000092,4.090000153,19.60000038
2017/1/13,119.0400009,3.200000048,17.12999916,61.41999817,27.06999969,10.86999989,16.85000038,47.09999847,2,15.5,5.460000038,579.0100098,208.4799957,123.5999985,60.41999817,41.90000153,16.61000061,22.62000084,17.20000076,57.08000183,24.5,24.57999992,30.29000092,49.58000183,11.39999962,35.09000015,10.35000038,10.60000038,43.29000092,34,19.29999924,19.25,8.300000191,17.70000076,12.44999981,34.70000076,19.95000076,32.52000046,55.97000122,123.1600037,219.25,39.63000107,68.40000153,4.920000076,8.590000153,24.86000061,4.400000095,40.15999985,4.230000019,19.85000038
2017/1/17,120,3.079999924,16.26000023,62.88000107,26.98999977,11.23999977,16.10000038,46.34999847,1.850000024,15,5.510000229,578.4699707,207.9900055,122.3000031,59.59000015,42.15000153,16.57999992,22.68000031,16.89999962,54.65000153,24.39999962,24.40600014,30.29000092,48.66999817,10.5,34.02000046,10.10000038,10.05000019,41.68000031,34.09999847,19.47999954,19.35000038,8.199999809,16.79999924,12.5,35.34999847,20.20000076,32.06000137,55.04999924,122.7900009,217.8699951,38.25,67.15000153,4.989999771,8.489999771,24.73999977,3.900000095,42.45999908,4.039999962,20.39999962
2017/1/18,119.9899979,3,16.61000061,64.76999664,26.95999908,11.25,16.29999924,47.07500076,1.850000024,15.14999962,5.429999828,597.0900269,206,123.3000031,59.47999954,42.15000153,16.5,23.06999969,17.25,56.06000137,24.27000046,24.56999969,30.38999939,48.43000031,10.55000019,34.61999893,10.10000038,10.39999962,41.93999863,34.15000153,19.38999939,19.45000076,8.199999809,16.39999962,12.60000038,35.59999847,19.70000076,32.02999878,55.36000061,123.0400009,221.1799927,38.45000076,67.19999695,4.960000038,8.399999619,24.78000069,3.900000095,41.40000153,4.019999981,20.25
2017/1/19,119.7799988,3.049999952,16.42000008,63.31000137,26.67000008,11.18999958,16,47,1.850000024,15,5.429999828,604.0100098,200.4400024,122.25,58.75999832,41.65000153,15.94999981,22.57999992,17.10000038,56.13999939,23.95999908,24.46199989,30.71999931,47.88000107,10.19999981,35.02000046,9.949999809,10.55000019,41.59000015,33.20000076,18.94000053,19.39999962,8.100000381,17,12.39999962,34.84999847,19.79999924,31.70000076,54.77000046,122.9800034,219.3899994,38.45000076,66.80000305,5.010000229,8.479999542,24.51000023,3.700000048,42.47999954,3.960000038,19.70000076
2017/1/20,120,3.150000095,16.17000008,64.19000244,26.54999924,11.35999966,16.14999962,47.47499847,1.899999976,15.44999981,5.46999979,610.6799927,203.2599945,123.1999969,59.70000076,41.75,16.29000092,22.80999947,17.29999924,55.75,24.14999962,24.54999924,30.63999939,47.50999832,10.19999981,35.33000183,9.949999809,10.85000038,42.45000076,33.59999847,19.12999916,19.60000038,8.050000191,17.75,12.5,34.70000076,20.04999924,31.77000046,54.90999985,123.25,218.6199951,39.33000183,65,5.039999962,8.579999924,23.90999985,3.700000048,43,3.849999905,19.75
2017/1/23,120.0800018,3.099999905,16.12000084,64.06999969,26.61000061,11.18000031,14.64999962,46.82500076,1.899999976,15.19999981,5.170000076,613.4299927,204.1799927,121.3000031,59.97999954,41.54999924,16.60000038,23.03000069,17.29999924,54.65999985,24.29999924,24.40999985,30.27000046,46.65000153,9.899999619,34.45999908,9.550000191,10.85000038,42.15000153,33.5,19.13999939,19.5,8.300000191,16.5,12.64999962,34.79999924,19.95000076,31.45999908,54.75999832,123.3499985,219.1499939,39.41999817,65.44999695,4.849999905,9.010000229,24.25,3.299999952,44.13999939,3.900000095,19.04999924
2017/1/24,119.9700012,3.049999952,15.94999981,65.87999725,26.78000069,11.06999969,15.69999981,47.34999847,1.799999952,15.94999981,5.21999979,616.6900024,209.7400055,123.5,59.91999817,41.65000153,16.44000053,23.17000008,17.64999962,55.41999817,24.27000046,24.82999992,29.98999977,46.79999924,10.19999981,35.36999893,9.949999809,10.94999981,42.84000015,33.70000076,19.05999947,19.70700073,9.75,16.45000076,12.60000038,34.65000153,20.29999924,31.14999962,55.90000153,124.1800003,218.3800049,40.65999985,65.75,4.929999828,9.319999695,24.5,3.400000095,44.52000046,3.940000057,19.85000038
2017/1/25,121.8799973,3.180000067,16.15999985,65.37000275,26.79999924,11.07999992,14.94999981,47.72499847,1.799999952,15.64999962,4.989999771,616.210022,208.5,123,60.18000031,41.5,16.72999954,23.29000092,17.79999924,56.81000137,24.28000069,25.18000031,30.22999954,46.90000153,10.19999981,36.49000168,10.14999962,11.60000038,44.09999847,34,19.20000076,19.85000038,9.449999809,17.35000038,12.69999981,34.29999924,20.54999924,31.29000092,56.65999985,125.4300003,219.8999939,41.16999817,68.59999847,4.889999866,9.020000458,24.37000084,3.5,43.20000076,4.059999943,20.04999924
2017/1/26,121.9400024,3.200000048,15.89000034,65.55000305,26.79999924,11.05000019,15.39999962,47.90000153,1.899999976,15.30000019,5.03000021,638,206.0599976,122.9499969,60.04000092,41.79999924,16.63999939,23.54999924,17.45000076,58.36000061,24.36000061,25.14999962,31.73999977,46.52999878,9.850000381,36.34000015,9.949999809,11.55000019,44.65000153,33.29999924,19.02000046,19.01000023,9.399999619,16.95000076,12.55000019,32.25,20.54999924,31.28000069,56.15000153,125.5599976,221.8600006,41.29000092,68.05000305,4.840000153,9.100000381,25.10000038,3.5,43.84000015,3.910000086,19.5
2017/1/27,121.9499969,3.150000095,15.96000004,64.33999634,26.62999916,11.18999958,14.80000019,47.59999847,1.950000048,15.25,4.760000229,639.6699829,206.2899933,122.5,59.68000031,42.15000153,16.69000053,24.20999908,17.5,58.11000061,24.42000008,25.01000023,32.50999832,46.47999954,10.14999962,36.56000137,9.850000381,11.5,43.95999908,32.70000076,18.95999908,18.89999962,9.25,16.54999924,12.44999981,32.59999847,21.10000038,31.42000008,56.02000046,125.8000031,221.1199951,41.16999817,68.75,4.78000021,9.229999542,25.45000076,3.799999952,42.47999954,4.050000191,18.85000038
2017/1/30,121.6299973,3.099999905,14.86999989,64.01999664,26.35000038,10.60999966,15.25,46.625,2,15.05000019,4.510000229,633.8400269,206.4499969,120.8000031,60.47999954,41.79999924,16.96999931,24.02000046,17.35000038,57.36999893,24.46999931,24.67399979,32.16999817,46.24000168,9.75,35.43000031,9.649999619,11.80000019,43.34000015,33.70000076,18.5,18.75,9.199999809,16.64999962,12.5,32.25,21,31.30999947,55.34999847,124.8199997,220.4400024,40.47999954,68.59999847,4.690000057,8.840000153,26.17000008,3.700000048,44.22000122,3.970000029,19.60000038
2017/1/31,121.3499985,3.099999905,15.86999989,63.49000168,26.38999939,10.86999989,15.80000019,47.17499924,1.950000048,15.19999981,4.46999979,632.3800049,205.2799988,122.8000031,60.25999832,41.79999924,17.47999954,24.07999992,17.5,55.06000137,24.59000015,24.69000053,31.82999992,45.95000076,10.5,34.88999939,9,11.85000038,42.75,33,18.28000069,19.2689991,9.399999619,16.60000038,12.44999981,33.04999924,20.64999962,31.72999954,55.52999878,124.5699997,219.9299927,40.97000122,69.25,4.730000019,8.949999809,25.78000069,3.799999952,40.47999954,4.210000038,20.04999924
2017/2/1,128.75,3.049999952,15.93999958,64.13999939,26.63999939,10.69999981,16,46.90000153,1.899999976,14.89999962,4.380000114,635.1500244,195,123.25,58.97999954,41.29999924,17.42000008,24.30999947,17.35000038,55.45999908,24.60000038,24.76000023,32.18000031,45.36999893,10.30000019,35.84999847,9.25,12.19999981,42.74000168,32.54999924,18.20000076,19.60000038,9.449999809,17.04999924,12.05000019,33.54999924,20.95000076,31.67000008,55.34999847,125.4300003,219.5,41.25,69.25,4.739999771,9.289999962,25.5,4,39.40000153,4.170000076,19.54999924
2017/2/2,128.5299988,3.099999905,16.07999992,65.11000061,26.65999985,10.86999989,15.80000019,46.625,1.879999995,15.19999981,4.429999828,638.2999878,198.9900055,131.5500031,59.27999878,41.65000153,17.61000061,24.30999947,16.75,54.56000137,24.48999977,24.59000015,31.96999931,44.63999939,11.25,35.83000183,9.449999809,11.94999981,42.13000107,32.25,18.53000069,19.5,9.199999809,16.70000076,12.05000019,33.09999847,20.75,31.72999954,54.93999863,125.3199997,222.1900024,41.16999817,69.05000305,4.699999809,9.279999733,25.70000076,4,39.65999985,4.099999905,20.5
2017/2/3,129.0800018,3.099999905,16.37000084,63.02000046,27.07999992,10.76000023,16.35000038,47.54999924,1.850000024,15.44999981,4.510000229,645,202.9799957,130.1999969,59.56999969,42.04999924,17.62000084,24.48999977,16.70000076,54.13000107,24.72999954,25.09000015,32.06999969,44.93999863,12.10000038,36.66999817,9.5,12.10000038,43.72999954,32.25,18.35000038,19.72299957,9.449999809,17.20000076,12.19999981,33.84999847,21.20000076,32.09000015,56.15999985,125.6800003,221.6100006,41.88000107,70.94999695,4.690000057,9.229999542,25.12000084,3.799999952,38.36000061,4.230000019,21.14999962
2017/2/6,130.2899933,3.099999905,16.28000069,62.24000168,26.86000061,10.63000011,16.20000076,46.625,1.799999952,15.39999962,4.730000019,642.5700073,203.3899994,129.4499969,59.43000031,41.59999847,17.86000061,24.20999908,16.60000038,52.02000046,24.71999931,24.88999939,32.02999878,44.33000183,12.05000019,35.77999878,9.550000191,12.05000019,43.11000061,32.15000153,18.12000084,19.5,9.399999619,18,12.05000019,33.09999847,21.25,32.22999954,55.52999878,125.8300018,222.1000061,41.93000031,70.65000153,4.659999847,9.43999958,25.63999939,3.799999952,38.13999939,4.190000057,20.45000076
2017/2/7,131.5299988,3.150000095,16.15999985,60.15999985,26.79999924,10.52999973,16.29999924,46.625,1.950000048,15.5,4.699999809,639.960022,197.9499969,129.3000031,59.40999985,41.45000076,17.75,24.37999916,16.5,52.27999878,24.73999977,24.75,32.43000031,45.25,12.19999981,35.77999878,9.75,11.94999981,42.84000015,32,18.26000023,19.70000076,9.399999619,16.95000076,12,33.04999924,21.10000038,32.08000183,55.25,126.2900009,227.8500061,41.33000183,70.40000153,4.679999828,9.510000229,25.65999985,3.799999952,38.65999985,4.099999905,20.10000038
2017/2/8,132.0399933,3.200000048,16.55999947,60.77999878,27.03000069,10.69999981,16.10000038,46.17499924,1.980000019,15.35000038,4.659999847,634.1500244,196.7899933,126.1999969,59.90999985,41,17.62999916,24.01000023,16.64999962,51.34999847,24.75,24.65500069,33.25,45.25999832,12.44999981,33.90000153,9.550000191,12.10000038,42.04999924,32.95000076,18.37000084,19.88400078,9.300000191,16.85000038,12.30000019,33.54999924,21.20000076,32.13999939,55.04000092,126.5,229.4600067,40.70000076,69.80000305,4.670000076,10.03999996,25.56999969,3.599999905,38.34000015,3.99000001,19.95000076
2017/2/9,132.4199982,3.200000048,16.85000038,61.18999863,27.29000092,12.56000042,19.75,46.875,2.049999952,16.20000076,4.769999981,632.9099731,198.8000031,127.5,61.36000061,41.5,17.87000084,23.92000008,16.89999962,52.52000046,24.70000076,25,33.11999893,46.29000092,12.19999981,35.47000122,10.05000019,12.5,42.52000046,32.95000076,18.69000053,19.75,9.479999542,16.64999962,12.25,34.40000153,21.10000038,32.38000107,55.99000168,126.9599991,229.7899933,41.20999908,70.75,4.630000114,10.28999996,25.40999985,3.599999905,37.68000031,4.119999886,20.64999962
2017/2/10,132.1199951,3.25,16.81999969,61.25,27.48999977,11.98999977,19.89999962,47.20000076,2.049999952,15.75,4.920000076,638.9099731,200.0500031,126.4499969,62.54999924,41.5,18.85000038,23.84000015,17.20000076,52.15999985,24.76000023,25.07299995,33.63000107,46.20000076,12,35.65000153,10,12.60000038,42.52999878,33.45000076,18.97999954,20.10000038,10.10000038,16.54999924,12.75,34.84999847,21.29999924,32.34999847,56.61000061,127.3799973,230.7100067,41.59000015,71.09999847,4.769999981,10.22000027,25.65999985,3.700000048,37.81999969,4.190000057,20.95000076
2017/2/13,133.2899933,3.349999905,16.63999939,61.13999939,27.85000038,11.77000046,20.14999962,47.59999847,2,15.80000019,4.909999847,635.8499756,203.3300018,126.3499985,62.15999985,41.5,19.72999954,24.01000023,17,53.24000168,24.78000069,25.15999985,33.79000092,46.36999893,12.05000019,35.63999939,10.05000019,12.39999962,42.61000061,33.25,19.03000069,20,10.85000038,16.45000076,12.85000038,34.70000076,21.20000076,32.61000061,56.79999924,128.1000061,233.0800018,42.09000015,71.65000153,4.75,10.57999992,25.71999931,3.700000048,36.95999908,4.179999828,20.25
2017/2/14,135.0200043,3.549999952,17.06999969,62.09000015,27.87999916,12,20.10000038,47.875,2.049999952,15.64999962,4.909999847,636.2999878,201.9499969,125.0999985,62.27000046,41.5,19.57999992,23.87000084,16.85000038,53.00999832,24.80999947,25.29000092,33.63000107,46.63000107,12.05000019,35,10.25,12.5,43,29.35000038,18.89999962,19.89999962,11.19999981,17.5,13.05000019,35,21.10000038,32.75,56.5,128.5299988,233.5700073,42.61999893,70.59999847,4.820000172,10.61999989,25.78000069,3.700000048,35.70000076,4.239999771,20.45000076
2017/2/15,135.5099945,3.549999952,17.20999908,63.97000122,27.43000031,11.94999981,20.45000076,48.22499847,1.899999976,15.85000038,4.789999962,640.75,203.1000061,126.1500015,61.79000092,41.90000153,19.45000076,23.80999947,17.20000076,52.34999847,24.79999924,25.32999992,34.00999832,46.95000076,12.25,34.52000046,10.10000038,12.60000038,43.06999969,29.89999962,18.95000076,20.10000038,10.75,17.14999962,13.30000019,35.75,21.10000038,33.50999832,56.88000107,129.2899933,234.1100006,42.90999985,71.05000305,4.760000229,10.76000023,25.61000061,3.599999905,33.77999878,4.21999979,20.14999962
2017/2/16,135.3500061,3.5,17.09000015,64.69999695,27.53000069,11.18000031,20.29999924,48.17499924,1.879999995,15.75,4.840000153,639.7999878,202.3999939,127.5999985,61.61000061,41.84999847,19.22999954,24.27000046,17.10000038,51.49000168,24.82999992,25.22999954,33.54000092,46.77000046,12.10000038,34.24000168,9.949999809,12.44999981,42.34000015,29.25,19.04999924,20.20000076,10.5,17.04999924,13.5,35.79999924,20.85000038,33.61999893,56.97999954,129.25,235.5099945,43.15999985,71.34999847,4.71999979,10.69999981,25.70000076,3.599999905,34.5,4.190000057,19.79999924
2017/2/17,135.7200012,3.5,17.28000069,64.01000214,27.34000015,11.36999989,19.85000038,48.40000153,1.879999995,15.85000038,4.869999886,635.6900024,191.9900055,126.6999969,61.83000183,42.09999847,19.31999969,24.67000008,17.04999924,51.91999817,24.48999977,25.20999908,33.75999832,47.20000076,12.80000019,33.81000137,10,12.55000019,42.09999847,29.70000076,19.25,20.39999962,10.39999962,17.95000076,13.39999962,36.45000076,20.85000038,33.61999893,56.66999817,129.8099976,235.1199951,43.25999832,71.34999847,4.78000021,10.71000004,25.38999939,3.599999905,33.97999954,4.099999905,20.25
2017/2/21,136.6999969,3.5,17.20000076,66.95999908,27.62000084,10.88000011,19.79999924,48.5,1.899999976,15.64999962,4.849999905,639.3599854,194.0800018,127.75,60.66999817,42.77999878,19.55999947,24.54999924,17.14999962,51.86999893,24.52000046,25.39999962,33.91999817,47.54999924,12.30000019,34.65000153,10.10000038,12.55000019,42.38999939,30.14999962,19.52000046,20.54999924,10.75,17.35000038,13.10000038,37.70000076,21.54999924,33.61999893,57.16999817,130.4499969,233.9400024,43.66999817,72,4.860000134,10.73999977,25.32999992,3.599999905,34.47999954,4.119999886,20.14999962
2017/2/22,137.1100006,3.400000095,17.12000084,67.52999878,27.76000023,10.73999977,19.5,48.875,2.049999952,15.85000038,4.869999886,642.3300171,196.9600067,128.6499939,60.09999847,42.45000076,19.32999992,24.55999947,17.20000076,51.68000031,24.46999931,25.19000053,33.81999969,47.72999954,12.05000019,33.88000107,10.19999981,13.19999981,42.49000168,29.89999962,19.19000053,20.54999924,11,17.60000038,13,37.5,20.95000076,33.59000015,56.56999969,130.5,234.9100037,43.61000061,70.09999847,4.789999962,10.52000046,25.25,3.599999905,35.40000153,4.070000172,19.95000076
2017/2/23,136.5299988,3.349999905,17.25,65.94999695,27.77000046,10.35999966,19.54999924,48.90000153,1.899999976,15.60000038,4.929999828,638.789978,198.3899994,125.6500015,61.18000031,42.25,18.69000053,26.37999916,16.79999924,50.27000046,24.62000084,25.12000084,33.59999847,47.91999817,11.69999981,33.52999878,10.19999981,13.30000019,42.81000137,29.14999962,19.72999954,20.5,9.949999809,17.10000038,12.75,37,20.5,34.06000137,55.99000168,130.0099945,235.3800049,43.61999893,73.25,4.739999771,10.31999969,25.32999992,3.599999905,35.65999985,4.019999981,18.85000038
2017/2/24,136.6600037,3.25,17.20000076,66.48000336,27.65999985,10.56000042,19.35000038,48.77500153,1.879999995,15.30000019,4.860000134,637.3699951,200.7899933,127.4499969,61.09999847,42.54999924,18.54999924,26.20000076,16.60000038,49.29000092,24.61000061,24.96999931,34.06000137,47.56000137,12.14999962,33.88999939,10.14999962,13.35000038,42.70000076,29.89999962,19.80999947,20.54999924,10.10000038,16.75,12.64999962,38.15000153,20.75,34.25999832,56.52999878,130.2599945,235.0299988,43.47000122,74.94999695,4.659999847,10.43999958,25.54999924,3.599999905,35.45999908,3.950000048,19.54999924
2017/2/27,136.9299927,3.299999952,18.07999992,67.52999878,22.34000015,11.43000031,20,48.70000076,2,14.89999962,4.860000134,645.0499878,203.1199951,128.0500031,61.02000046,42.40000153,18.64999962,25.90999985,16.25,50.02999878,24.64999962,25.20999908,34.27999878,47.72999954,13.64999962,34.79999924,10.19999981,13.89999962,43.36000061,30.35000038,19.92000008,20.14999962,10,16.75,12.69999981,39.20000076,20.5,34.27999878,57.25999832,130.4199982,233.0299988,43.59999847,73.19999695,4.619999886,9.979999542,25.27000046,3.599999905,32.36000061,4.039999962,20.14999962
2017/2/28,136.9900055,3.450000048,18.5,67.12999725,23,11.5,19.45000076,47.67499924,2,14.69999981,4.800000191,625.4199829,200.4600067,125.4000015,61.04999924,41.45000076,18.78000069,23.11000061,15.89999962,49.93999863,24.65999985,24.90999985,33.90000153,44.65999985,14.19999981,34,10,13.60000038,42.74000168,29.5,19.79000092,20.25,10.10000038,16.20000076,12.5,46.5,20.79999924,34.11999893,56.18000031,130.0200043,235.1399994,43.06000137,70.25,4.630000114,10.02000046,25.27000046,3.599999905,32.81999969,3.970000029,20.39999962
2017/3/1,139.7899933,3.5,18.26000023,67.72000122,23.17000008,11.68999958,20.54999924,48.5,2.029999971,15.19999981,4.829999924,634.5300293,204.0200043,128.4499969,61.18999863,42.25,19.06999969,22.31999969,16.29999924,50.16999817,24.75,25.5,34.27000046,46.99000168,13.94999981,36.15000153,10.19999981,14.44999981,44.36999893,30.14999962,19.95000076,20.36700058,10.60000038,16.10000038,12.55000019,46.70000076,21.20000076,34.41999817,57.65999985,131.4400024,239.1499939,44.36999893,72.75,4.679999828,10.03999996,25.20000076,3.700000048,31.47999954,4.019999981,20
2017/3/2,138.9600067,3.5,17.42000008,67.25,22.95000076,11.53999996,20.25,47.125,2.049999952,14.64999962,4.730000019,623.5,203.5599976,125.6999969,61.59000015,41.15000153,18.62000084,22.35000038,16.39999962,52.04000092,24.70999908,25.11000061,33.90999985,46.45000076,13.85000038,34.29000092,9.899999619,14,44.11999893,30.35000038,19.88999939,20.5,10.5,15.30000019,12.14999962,49.25,21.25,34.50999832,56.61000061,130.7799988,237.1799927,43.34999847,71.09999847,4.630000114,9.779999733,24.79999924,3.599999905,31.94000053,4.03000021,21.10000038
2017/3/3,139.7799988,3.579999924,17.77000046,67.87000275,23.03000069,11.76000023,20.29999924,47.34999847,2.029999971,14.80000019,4.670000076,620.2399902,203.3899994,125.3499985,61.13000107,40.34999847,18.84000015,21.14999962,16.89999962,52.02999878,24.82999992,25.15999985,33.74000168,46.20999908,15,34.22000122,9.850000381,14.44999981,44.72000122,30.14999962,19.81999969,20.45000076,10.5,15.69999981,12.19999981,48.95000076,21.29999924,34.52000046,56.40000153,131.0200043,235.6199951,43.65999985,70.94999695,4.670000076,9.890000343,24.98999977,3.599999905,31,4.090000153,20.75
2017/3/6,139.3399963,3.75,17.46999931,67.79000092,22.35000038,11.68000031,19.95000076,46.875,2.049999952,14.30000019,4.630000114,627.9899902,199.8000031,123.6500015,61.83000183,39.90000153,18.87999916,20.87999916,16.75,53.13999939,24.86000061,25.05999947,33.63999939,45.63999939,14.94999981,33.58000183,9.75,14.89999962,44.86999893,29.29999924,19.93000031,19.79999924,11,15.55000019,12.14999962,48.95000076,20.45000076,34.34999847,55.93000031,130.7299957,232.6600037,43.61000061,71.59999847,4.539999962,9.949999809,24.90999985,3.599999905,31.89999962,3.920000076,21.14999962
2017/3/7,139.5200043,4,16.96999931,68.30999756,22.12999916,11.63000011,20.45000076,46.75,2.049999952,14.25,4.570000172,632.1599731,197.6900024,123.0500031,61.61000061,39.45000076,18.85000038,20.54999924,16.60000038,54.52000046,24.82999992,24.81999969,33.47000122,45.75,15.19999981,33.15000153,9.699999809,14.89999962,45.13999939,27.5,19.34000015,19.85000038,10.89999962,15.14999962,12.05000019,48.95000076,20.75,33.99000168,55.58000183,130.5099945,231.4299927,43.31000137,71.15000153,4.440000057,9.850000381,24.79000092,3.5,33.38000107,3.819999933,20.79999924
2017/3/8,139,4.300000191,16.84000015,68.95999908,21.82999992,11.61999989,20.35000038,45.90000153,2.049999952,13.75,4.53000021,634.3200073,196.1499939,122.5999985,61.84000015,38.90000153,19.39999962,19.78000069,16.85000038,55.5,24.78000069,24.54000092,33.31999969,45.77000046,15.10000038,32.43000031,9.699999809,14.69999981,45.08000183,28.20000076,19,21.45000076,10.94999981,14.69999981,11.80000019,48.40000153,20.54999924,33.90999985,55.20000076,130.7400055,233.0500031,42.81999969,69.94999695,4.400000095,9.729999542,24.25,3.599999905,32.40000153,3.809999943,21.25
2017/3/9,138.6799927,4.449999809,17.14999962,69.51000214,21.45000076,11.42000008,20.70000076,45.82500076,2,13.44999981,4.550000191,632.2800293,196.3600006,122.4000015,61.93000031,39.54999924,18.97999954,20.34000015,17.04999924,56.41999817,24.79000092,24.45000076,33.18000031,45.52999878,15.19999981,31.18000031,9.649999619,14.44999981,44.65000153,27.43000031,18.70000076,21.25,10.5,14.69999981,11.35000038,48,20.75,34.04999924,54.61999893,130.8399963,232.7400055,42.61000061,69.69999695,4.389999866,9.720000267,24.29000092,3.5,32.22000122,3.950000048,21
2017/3/10,139.1399994,4.349999905,17.10000038,70.09999847,21.44000053,10.98999977,20.89999962,46.42499924,2,13.55000019,4.550000191,638.3200073,197.4700012,122.3000031,61.93999863,40.15000153,19.14999962,20.14999962,17.14999962,56.09000015,24.79999924,24.43300056,33.13000107,45.58000183,16.70000076,31.97999954,9.649999619,14.10000038,44.20000076,29.75,18.45999908,21.75,10.5,14.80000019,11.05000019,48.95000076,20.85000038,34.11000061,55.15000153,131.3899994,234.9900055,42.49000168,70.15000153,4.460000038,9.680000305,24.20000076,3.700000048,31.54000092,4.449999809,18.39999962
2017/3/13,139.1999969,4.599999905,17.45999908,72.38999939,21.61000061,11.43999958,20.64999962,46.34999847,2,13.85000038,4.96999979,635.4500122,197.6100006,123.8499985,61.86999893,40.65000153,19.04999924,19.86000061,17.54999924,56.11000061,24.85000038,24.62999916,32.81000137,45.43999863,16.64999962,32.95000076,9.649999619,14.35000038,44.29000092,29,18.72999954,21.39999962,11.14999962,15.25,10.85000038,48.84999847,21.25,34.11000061,55.43000031,131.6100006,235,42.38999939,70.05000305,4.400000095,9.649999619,24.26000023,3.599999905,31.47999954,4.340000153,17.70000076
2017/3/14,138.9900055,4.449999809,17.25,74.16000366,21.72999954,11,20.64999962,46.07500076,2.079999924,13.94999981,5.099999905,635.460022,198.2700043,123.6999969,61.45999908,40.65000153,18.86000061,19.89999962,17.29999924,56.88000107,24.89999962,24.43000031,32.86000061,45.15999985,16.39999962,32.08000183,9.399999619,14.19999981,44.33000183,29.75,18.42000008,21.54999924,11.39999962,15.14999962,10.89999962,48.79999924,21.54999924,34.22000122,55.04999924,131.2899933,234.7100067,42.47999954,69.84999847,4.400000095,9.640000343,24.46999931,3.599999905,32.34000015,4.349999905,17.64999962
2017/3/15,140.4600067,4.550000191,17.70999908,75.69000244,21.73999977,10.90999985,20.89999962,46.25,2,14.5,5.309999943,643.9500122,201.2100067,125.4499969,62.5,41.68000031,18.95000076,19.88999939,17.79999924,53.75,24.95999908,24.82999992,32.88999939,45.15999985,16.95000076,32.86000061,9.600000381,14.14999962,44.63999939,29.85000038,18.96999931,21.60000038,11.5,16.45000076,11.10000038,52.09999847,21.95000076,34.63000107,56.09000015,132.1000061,236.2799988,42.49000168,71.80000305,4.449999809,9.899999619,24.56999969,3.5,30.86000061,4.300000191,17.64999962
2017/3/16,140.6900024,4.449999809,17.48999977,73.90000153,21.61000061,10.73999977,20.75,46.42499924,2,14.55000019,5.349999905,642.4799805,204.0500031,124.25,62.24000168,41.79999924,19.60000038,19.89999962,17.70000076,52.97999954,24.93000031,24.70000076,33.09999847,45.24000168,16.95000076,32.61000061,10.19999981,13.80000019,44.90999985,29.29999924,19.12999916,21.75,11.69999981,16.5,11.39999962,52.45000076,21.25,34.43000031,55.86999893,132.0099945,235.6699982,42.66999817,72.59999847,4.679999828,10.19999981,24.92000008,3.700000048,32.04000092,4.239999771,17.79999924
2017/3/17,139.9900055,4.550000191,17.45000076,72.81999969,17.57999992,10.56000042,20.75,47.34999847,1.899999976,14.64999962,5.429999828,645.0999756,202.7400055,127.1500015,63.20000076,42.15000153,19.37999916,20.05999947,17.64999962,52.63999939,24.97999954,24.81999969,33.70000076,45.95999908,17.10000038,33.20999908,10.25,13.64999962,45.38999939,29.64999962,19.20000076,21.89999962,11.44999981,16.89999962,11.64999962,53.79999924,21.04999924,34.31999969,56.52999878,131.6900024,235.9900055,43.06000137,73.69999695,4.889999866,10.69999981,25.18000031,4.199999809,33.18000031,4.340000153,17.95000076
2017/3/20,141.4600067,4.400000095,17.69000053,72.09999847,16.81999969,10.06999969,20.79999924,46.42499924,1.899999976,13.44999981,5.480000019,645.4500122,202.7899933,125.4499969,62.54000092,42.95000076,19.45999908,20.35000038,17.60000038,51.88999939,24.97999954,24.71999931,33.81000137,46,17.20000076,32.88999939,10.30000019,13.80000019,43.97999954,29.39999962,19.12999916,21.64999962,12.14999962,16.70000076,11.44999981,53.95000076,21.45000076,34.38000107,56,131.8099976,235.1699982,42.29000092,73.25,4.829999924,10.77999973,25.19000053,3.799999952,32.61999893,4.579999924,17.45000076
2017/3/21,139.8399963,4.300000191,17.22999954,69.55999756,16.77000046,9.130000114,20.20000076,44,1.899999976,12.80000019,5.21999979,638.8300171,194.6999969,122.1500015,61.56999969,42.59999847,19.25,20.43000031,17.45000076,50.61999893,24.96999931,24.03000069,33.18999863,45.83000183,16.60000038,32.04000092,10.30000019,13.25,40.47999954,28.70000076,19.34000015,21.64999962,11.69999981,16.89999962,11.30000019,53.54999924,21.04999924,34.25,54.63999939,129.8099976,233.4700012,40.20000076,71.94999695,4.659999847,10.61999989,25.20000076,3.799999952,35.38000107,4.570000172,17.10000038
2017/3/22,141.4199982,4.449999809,17.46999931,70.09999847,16.94000053,9.380000114,19.85000038,43.09999847,1.929999948,12.39999962,5.099999905,638.789978,185.7599945,122.3000031,61.58000183,42.34999847,19.36000061,19.95000076,17.54999924,50.24000168,24.97999954,24.06999969,33.52999878,45.97999954,16.64999962,32.56999969,10.05000019,13.60000038,39.90999985,28.75,19.02000046,21.95000076,11.60000038,17,11.5,53.70000076,21.10000038,34.47000122,54.36999893,130.6900024,234.4299927,39.65999985,70.5,4.579999924,10.81000042,25.11000061,3.900000095,34.74000168,4.699999809,16.75
2017/3/23,140.9199982,4.199999809,17.45999908,68.26999664,17.79000092,9.220000267,20.20000076,43.79999924,1.929999948,13.19999981,5.199999809,640.5100098,185.3699951,122.5999985,61.36999893,41.84999847,19.52000046,19.25,17.5,50.50999832,24.89999962,24.04999924,33.52000046,46.31999969,16.95000076,33.25,10.30000019,13.80000019,41.00999832,28.70000076,19.04000092,22.04999924,11.69999981,17.95000076,11.60000038,54.84999847,18.95000076,34.29000092,54.68999863,130.3600006,234.0399933,39.90999985,70.84999847,4.619999886,10.77999973,25.15999985,3.700000048,35.18000031,4.71999979,17.29999924
2017/3/24,140.6399994,4.300000191,17.45999908,68.51999664,18.32999992,9.460000038,20.29999924,44.09999847,1.75,13.10000038,5.099999905,637.4400024,189.4199982,121,61.11000061,42.40000153,19.62000084,19.71999931,17.60000038,50.22000122,24.84000015,24.09000015,33.40000153,46.31000137,17.14999962,32.50999832,10,14,40.84999847,28.04999924,19.38999939,22.14999962,12.10000038,18,11.64999962,53.04999924,19,34,54.45000076,130.6300049,233.3999939,39.84999847,70.69999695,4.730000019,10.72000027,25.60000038,3.700000048,34.56000137,4.599999905,17.20000076
2017/3/27,140.8800049,4.25,17.46999931,70.36000061,18.35000038,9.390000343,20.75,43.95000076,1.899999976,13.05000019,5.090000153,635.6900024,188.0800018,118.6999969,60.93999863,42,19.61000061,19.75,17.60000038,49.38000107,24.87000084,24.05999947,33.43000031,46.34000015,17.60000038,32.74000168,10.10000038,14,40.79000092,27.85000038,19.81999969,22.10000038,11.94999981,17.79999924,11.60000038,54.25,19.25,34.18000031,54.25999832,130.8399963,231.7700043,39.74000168,70.90000153,4.650000095,10.89000034,25.20000076,3.799999952,33.45999908,4.679999828,17.35000038
2017/3/28,143.8000031,4.25,17.45000076,72.29000092,18.64999962,9.300000191,20.95000076,44.70000076,1.899999976,13.05000019,5.289999962,626.9000244,190.3800049,119.4000015,62.45999908,42.29999924,19.57999992,19.23999977,17.85000038,49.95999908,24.84000015,24.30999947,33.52999878,46.65999985,17.39999962,33.47000122,10.10000038,13.94999981,41.81999969,28.39999962,19.75,22,12.10000038,18,11.80000019,54.25,19.79999924,34.15999985,54.65999985,131.6399994,233.8099976,40.25999832,71.84999847,4.710000038,10.82999992,25.54000092,3.799999952,33.90000153,4.659999847,17.75
2017/3/29,144.1199951,4.25,17.48999977,71.45999908,18.59000015,9.109999657,20.70000076,44.29999924,1.899999976,13.05000019,5.409999847,625.0999756,192.3600006,119.8000031,62.61999893,42.95000076,19.97999954,19.17000008,18,49.68000031,24.87999916,24.39999962,33.65000153,46.77999878,17.25,33.52999878,10.14999962,13.80000019,41.72999954,29.75,19.92000008,22.29999924,12.35000038,18.75,12,55.15000153,19.89999962,34.33000183,54.86999893,132.25,233.4299927,40.16999817,72,4.829999924,10.85000038,25.10000038,4,33.08000183,4.71999979,18.25
2017/3/30,143.9299927,4.25,17.26000023,71.51000214,18.62000084,9.079999924,20.89999962,45.59999847,1.879999995,13.55000019,5.150000095,626.460022,200.1399994,118.25,62.93000031,43.04999924,20,19.20999908,18.04999924,50.72000122,24.87000084,24.63999939,33.70000076,47.15999985,17.04999924,33.93999863,10.25,14.44999981,42.52000046,29.79999924,20.21999931,21.89999962,12.5,19.04999924,12.10000038,55.79999924,20.29999924,34.34999847,55.40999985,132.4700012,234.8899994,41.29999924,72.5,4.820000172,10.80000019,25.04999924,4,33.43999863,4.599999905,18.39999962
2017/3/31,143.6600037,4.25,17.5,72.66999817,18.45999908,8.93999958,20.70000076,44.95000076,1.899999976,13.35000038,4.989999771,624.4699707,199.4100037,117.3000031,63.36000061,43.04999924,20.06999969,19.29000092,18.04999924,50.41999817,24.84000015,24.65999985,33.56999969,47.36000061,17.14999962,34.70999908,10.19999981,14.5,42.40999985,29.5,20.20000076,22.20000076,12.5,19.10000038,11.94999981,55.5,20.5,34.20999908,55.81000137,132.3800049,233.8099976,40.99000168,72.65000153,4.789999962,10.72000027,25.02000046,3.700000048,33.5,4.659999847,18.29999924
2017/4/3,143.6999969,4.400000095,17.04999924,70.12999725,18.27000046,8.880000114,20.20000076,44.82500076,1.879999995,13.19999981,5.170000076,633.0499878,197,113.3499985,63.18000031,43.04999924,20.67000008,19.90999985,18.20000076,49.72000122,24.87000084,24.40999985,33.75999832,45.95999908,16.45000076,33.66999817,10.10000038,14.19999981,41.75,29.20000076,19.79000092,22.14999962,12.35000038,18.29999924,11.60000038,53.84999847,20.60000038,34.24000168,54.70000076,132.3000031,233.8000031,40.86000061,70.5,4.760000229,10.35000038,25.17000008,4,34.22000122,5.010000229,17.35000038
2017/4/4,144.7700043,4.5,16.72999954,68.12999725,21.95000076,8.81000042,19.95000076,44.59999847,1.75,13.25,5.119999886,636.5599976,193.7100067,113.3499985,63.49000168,43.29999924,21.20000076,19.48999977,18.20000076,49.33000183,24.88999939,24.37999916,34.13999939,46.04999924,16,33.93000031,10.19999981,14.30000019,41.75,28.45000076,19.81999969,22.10000038,12.10000038,18.35000038,11.60000038,55.04999924,20.25,34.34000015,54.45000076,132.5099945,236.1100006,40.93000031,70.90000153,4.760000229,10.31999969,25.18000031,4,34.04000092,4.929999828,16.75
2017/4/5,144.0200043,4.599999905,16.85000038,66.55000305,20.18000031,8.479999542,19.89999962,44.17499924,1.75,13.19999981,4.989999771,632.9400024,186,113.1500015,63.41999817,42.75,20.85000038,19.04000092,18.10000038,49.25999832,24.90999985,24.07999992,33.81000137,45.54999924,15.44999981,33.84999847,10,14.25,41.27000046,27.89999962,19.79999924,22.10000038,11.89999962,18.60000038,12.05000019,53.59999847,20.14999962,34.18999863,54.02999878,131.9700012,233.8000031,40.36000061,70.34999847,4.71999979,9.920000076,25.02000046,3.900000095,35.41999817,4.949999809,16.10000038
2017/4/6,143.6600037,4.599999905,16.75,66.62000275,19.25,8.489999771,20.54999924,44.5,1.799999952,13.10000038,4.989999771,637.4899902,188.8999939,113.8499985,63.93999863,43,20.77000046,19.29000092,18.14999962,49.81999969,24.93000031,24.21999931,34.15999985,45.77999878,14.80000019,34.72000122,10.05000019,14.5,41.72000122,28.70000076,19.87999916,22.04999924,12.25,19,12.10000038,54.09999847,19.89999962,34.11000061,54.33000183,132.0399933,233.6399994,40.40000153,71.30000305,4.75,10.26000023,25.11000061,3.900000095,35.15999985,4.96999979,16.79999924
2017/4/7,143.3399963,4.650000095,16.77000046,66.84999847,18.87999916,8.539999962,20.25,44.27500153,1.779999971,13.10000038,4.920000076,636.8900146,193.9900055,114.8499985,63.41999817,43.59999847,20.60000038,19.06999969,17.95000076,49.52999878,24.95999908,24.20000076,33.90999985,45.70999908,14.64999962,34.79000092,10.19999981,14.39999962,41.63999939,28.64999962,20.18000031,22.04999924,12.55000019,19.25,12.30000019,54.29999924,19.95000076,34.09999847,54.45000076,131.9700012,232.6199951,40.41999817,71.44999695,4.800000191,10.06000042,25.39999962,4.099999905,34.31999969,4.960000038,16.79999924
2017/4/10,143.1699982,4.599999905,16.53000069,67.19999695,18.87000084,8.460000038,20.29999924,44.09999847,1.75,13,4.880000114,630.4699707,192.3399963,115.9499969,62.59999847,43.75,21.12999916,19.04000092,17.95000076,49.50999832,25.12000084,24.22999954,34.06000137,45.97999954,14.60000038,35.38000107,10.25,14.5,41.16999817,28.75,20.26000023,21.89999962,12.94999981,19,12.19999981,53.65000153,20.14999962,34.04000092,55.00999832,132.0200043,233.6600037,40.20999908,71.69999695,4.929999828,9.949999809,25.05999947,4,34.77999878,4.800000191,17.10000038
2017/4/11,141.6300049,4.5,16.22999954,67.51000214,15.30000019,8.430000305,21.60000038,44.72499847,1.700000048,13.10000038,4.929999828,631.4099731,196.1100006,116.4000015,63.02000046,44.15000153,21.22999954,19.18000031,18,47.29000092,25.03000069,24.20999908,33.99000168,46.45000076,14.55000019,36.13999939,10.30000019,14.5,42.00999832,29.04999924,20.45999908,22.10000038,13.10000038,18.70000076,12.25,55.09999847,20.25,33.93000031,55.22999954,131.4499969,234.3500061,40.61999893,72.40000153,4.949999809,9.829999924,24.81999969,4.099999905,35.13999939,4.760000229,17.39999962
2017/4/12,141.8000031,4.5,16.11000061,66.55000305,16.19000053,8.359999657,21.39999962,44.07500076,1.700000048,13,4.880000114,640,193.6900024,114.25,62.20999908,44.5,20.61000061,19.27000046,17.79999924,46.38999939,25,23.96999931,34.27000046,46.49000168,14.5,34.70999908,9.899999619,14.5,41.61999893,28.64999962,20.75,22.10000038,13.14999962,18.54999924,12.25,53.90000153,19.54999924,33.91999817,54.24000168,130.9199982,233.3500061,40.11000061,70.90000153,4.809999943,9.470000267,24.97999954,4.5,35.06000137,4.809999943,17.25
2017/4/13,141.0500031,4.550000191,16.15999985,67.18000031,15.55000019,8.460000038,21.04999924,43.25,1.700000048,12.60000038,4.869999886,636.5499878,192.5599976,112.3499985,61.66999817,43.5,20.89999962,19.42000008,17.95000076,45.70000076,25.07999992,23.82999992,34.33000183,45.70000076,15.10000038,33.61999893,9.899999619,14.5,40.52000046,28.20000076,20.93000031,21.89999962,12.69999981,18.64999962,11.94999981,53.79999924,19.29999924,33.88000107,53.52000046,130.3999939,230.6300049,39.20000076,70.19999695,4.760000229,9.640000343,24.93000031,4.5,34.25999832,4.789999962,16.89999962
2017/4/17,141.8300018,4.550000191,16.04000092,67.26999664,15.57999992,8.340000153,21.70000076,44.34999847,1.700000048,12.25,4.739999771,639.8200073,194.1300049,114.3000031,61.84999847,44.40000153,20.93000031,19.68000031,18.10000038,46.15000153,25.04000092,24.13999939,34.43999863,46.11000061,14.89999962,34.36000061,10.05000019,14.55000019,41.09999847,28.29999924,21.34000015,22,12.75,19.79999924,12.05000019,54.95000076,19.5,34,54.13000107,131.4799957,234.5599976,40.04999924,71.30000305,4.800000191,9.670000076,24.93000031,4.699999809,34.36000061,4.880000114,16.85000038
2017/4/18,141.1999969,4.449999809,15.93000031,66.16000366,15.75,7.929999828,21.45000076,44.22499847,1.649999976,12.25,4.690000057,635.8699951,195.9700012,114.4000015,61.61000061,44.09999847,20.62999916,20.13999939,17.89999962,45.47000122,25.09000015,24.09000015,34.02000046,46.15999985,14.89999962,34.52999878,10.19999981,14.69999981,41.13000107,27.35000038,21.53000069,22,12.94999981,19.75,12.10000038,55.5,19.35000038,33.84000015,54.34000015,131.2799988,233.9100037,40.02999878,71,4.800000191,9.840000153,24.75,4.599999905,35.29999924,4.900000095,16.5
2017/4/19,140.6799927,4.5,15.67000008,67.58000183,15.82999992,8.050000191,21.29999924,44.54999924,1.600000024,12.94999981,4.670000076,653.7800293,197.4199982,115.3000031,62.20999908,44.34999847,21.14999962,20.28000069,17.95000076,46.61000061,25.03000069,24.13999939,33.84999847,46.47999954,14.89999962,34.84000015,10.14999962,14.94999981,41.29000092,27.75,21.80999947,21.79999924,13,19.79999924,12.10000038,55.84999847,19.20000076,33.61000061,54.68000031,131.4900055,233.2100067,40.20000076,71.15000153,4.75,9.800000191,24.79999924,4.699999809,34.90000153,4.900000095,16.85000038
2017/4/20,142.4400024,4.400000095,15.61999989,69.08999634,15.89000034,8.399999619,21.95000076,46.875,1.649999976,12.55000019,4.929999828,663.0999756,205.0599976,117.4000015,62.90000153,44.59999847,21.12000084,20.71999931,18.10000038,46.38000107,25.04000092,24.39999962,32.52999878,46.59999847,14.94999981,35.93999863,10.25,15.14999962,42.16999817,28.45000076,21.53000069,22,13.25,19.95000076,12.35000038,56.34999847,19.89999962,33.74000168,55.45000076,132.5899963,234.9499969,41.95999908,72.5,4.760000229,9.970000267,24.78000069,4.800000191,34.41999817,5.079999924,17.79999924
2017/4/21,142.2700043,3.849999905,15.56999969,69.23999786,16.01000023,8.25,22.10000038,49.40000153,1.600000024,12.5,4.739999771,664.5,206.4700012,116,63.02999878,43.84999847,20.59000015,20.87999916,18.39999962,45.93999863,25.02000046,24.36000061,32.18000031,46.52999878,14.55000019,35.45999908,10.5,14.64999962,42.56000137,28.5,21.35000038,22.25,13,20.10000038,12.25,55.5,19.89999962,33.63999939,55.63999939,132.5599976,233.7299957,42.52999878,73.65000153,4.760000229,9.899999619,24.80999947,4.599999905,35.40000153,4.769999981,18.20000076
2017/4/24,143.6399994,4,15.85000038,69.68000031,15.72000027,8.350000381,22.14999962,49.90000153,1.700000048,13.19999981,4.829999924,676.0100098,203.2899933,119.5,64.38999939,43.95000076,21.14999962,20.69000053,18.39999962,46.88999939,25.09000015,24.69000053,32.04999924,47.33000183,14.89999962,36.5,10.55000019,14.44999981,43.52999878,28.29999924,21.62000084,22.39999962,13.69999981,19.95000076,12.60000038,55.04999924,20.20000076,33.74000168,56.59999847,134.1600037,239.3800049,43.97000122,73.90000153,4.75,10.02999973,25.03000069,4.699999809,33.79999924,4.900000095,18.39999962
2017/4/25,144.5299988,4,16.36000061,70.16000366,15.86999989,8.81000042,22.60000038,49.5,1.700000048,12.89999962,4.840000153,675.8599854,203.1499939,118.75,64.70999908,44.65000153,21.19000053,20.79000092,18.10000038,48.31999969,25.04999924,24.88999939,32.81000137,47.70000076,17.45000076,36.59999847,10.64999962,14.64999962,44.16999817,27.85000038,21.90999985,22.45000076,13,20.29999924,12.64999962,54.04999924,19.95000076,33.75999832,57.13000107,135.1300049,251.9199982,44.61000061,72.5,4.71999979,10.18000031,25.09000015,4.699999809,32.45999908,4.900000095,18.35000038
2017/4/26,143.6799927,3.900000095,16.57999992,70.20999908,16.04000092,8.670000076,22.45000076,49.375,1.700000048,13.35000038,4.840000153,678.1300049,206.6300049,121.0999985,65.05000305,44.90000153,20.84000015,21.60000038,17.60000038,47.63999939,25.10000038,24.87100029,33.00999832,47.95999908,17.64999962,36.63999939,10.55000019,15.05000019,44.84000015,26.35000038,22.19000053,22.35000038,12.89999962,20.45000076,12.75,55.54999924,20.04999924,33.84999847,57.33000183,134.9400024,256.9100037,45.16999817,73.05000305,4.659999847,9.960000038,25.12000084,4.699999809,32.24000168,5.03000021,18.35000038
2017/4/27,143.7899933,3.900000095,16.51000023,72.33999634,16.39999962,8.699999809,22,48.59999847,1.700000048,13.55000019,4.860000134,681.3400269,205.8999939,120.6500015,64.73999786,44.90000153,20.60000038,22.60000038,17.14999962,48.18999863,25.14999962,24.86000061,33.06000137,48.08000183,18.10000038,36.36999893,10.80000019,15.30000019,43.11000061,25.89999962,22.20000076,22.25,13.05000019,21.25,12.75,51.40000153,20.39999962,33.86000061,57.79999924,135.75,253.9100037,44.13000107,74.65000153,4.630000114,10.01000023,25.07999992,4.599999905,32.18000031,4.980000019,18.14999962
2017/4/28,143.6499939,3.700000048,16.37999916,73.55999756,16.04999924,8.670000076,21.70000076,48.02500153,1.830000043,13.60000038,4.769999981,681.8599854,203.25,118,64.16000366,45,21.02000046,22.21999931,17.20000076,47.75,25.18000031,24.70999908,33.40999985,47.70999908,18.04999924,36.13999939,10.75,14.64999962,41.20000076,26,21.92000008,22.29999924,12.75,20.10000038,12.55000019,53.45000076,20.29999924,33.91999817,57.09000015,135.9900055,251.7100067,43.25,73.25,4.590000153,10,24.92000008,6,31.86000061,4.880000114,17.95000076
2017/5/1,146.5800018,3.799999952,16.67000008,74.48999786,16.18000031,8.760000229,21.85000038,48.52500153,1.75,13.75,4.829999924,682.2399902,206.8099976,118.6500015,63.79999924,44.95000076,20.44000053,22.13999939,17.35000038,49.06999969,25.21999931,24.79000092,33.31000137,47.81000137,18.14999962,36.52000046,10.94999981,14.44999981,42.06000137,25.64999962,22.11000061,22.39999962,12.80000019,19.5,12.60000038,54.5,19.89999962,33.77999878,57.20000076,137.1999969,250.3300018,43.88000107,73.65000153,4.670000076,10.10999966,24.98999977,7.300000191,31.21999931,4.929999828,17.89999962
2017/5/2,147.5099945,3.599999905,16.45000076,68.62999725,15.39999962,7.360000134,21.5,48.22499847,1.700000048,13.64999962,4.699999809,678.5800171,219.3300018,118,65.91000366,44,21.06999969,22.22999954,17.70000076,49.13000107,25.23999977,24.62999916,33.50999832,48.63999939,17.54999924,36.00999832,10.44999981,13.75,41.93000031,25.70000076,21.87999916,22.45000076,12.80000019,20.10000038,12.75,51.45000076,19.10000038,33.61000061,56.91999817,137.4299927,247.9900055,43.5,73.15000153,4.679999828,10.13000011,25.02000046,5.5,31.60000038,4.96999979,18.45000076
2017/5/3,147.0599976,3.549999952,17.04000092,70.15000153,15.21000004,7.730000019,20.79999924,48.47499847,1.75,13.39999962,4.5,672.5499878,216.0500031,116.3499985,67.08999634,43.33000183,21.09000015,22.79999924,17.85000038,51.25999832,25.21999931,24.59000015,33.25999832,49.08000183,17,36.58000183,10.30000019,13.44999981,42.52999878,25.5,21.70999908,22.60000038,12.85000038,21,12.39999962,50.09999847,18.95000076,33.47000122,56.56999969,136.9900055,248.6799927,43.58000183,73.05000305,4.610000134,10.39000034,25.05999947,5.300000191,32.24000168,4.860000134,18.5
2017/5/4,146.5299988,3.599999905,17.40999985,70.05999756,15.52999973,7.349999905,20.10000038,48.34999847,1.799999952,16.45000076,4.489999771,664.5499878,217.6699982,127.4499969,62.59000015,41.20000076,20.95000076,21.95000076,17.60000038,52.70000076,25.21999931,24.62999916,33.50999832,49.47999954,16.64999962,35.90000153,10.14999962,12.89999962,42.22000122,25.35000038,21.80999947,22.60000038,12.69999981,21.14999962,12.5,48.40000153,18.79999924,33.45000076,56.36999893,137.0399933,248.3800049,43.58000183,72.80000305,4.429999828,10.85999966,24.86000061,4.699999809,31.47999954,4.869999886,16.97999954
2017/5/5,148.9600067,3.5,17.39999962,70.98000336,15.60000038,7.179999828,20.75,48.52500153,1.850000024,16.85000038,4.570000172,676,215.6199951,126.3499985,63.06999969,40,21.20000076,22.29999924,17.54999924,52.45000076,25.21999931,24.84000015,33.5,49.68000031,16.29999924,37.29000092,10.5,13.10000038,41.15999985,25.35000038,22.01000023,22.70000076,12.94999981,21,13.89999962,48.40000153,19.04999924,33.47999954,56.34000015,137.5399933,246.4199982,43.38000107,72.94999695,4.5,11.32999992,24.95999908,4.699999809,32.34000015,4.949999809,17.25
2017/5/8,153.0099945,3.75,16.87000084,70.86000061,15.47000027,6.960000038,21.04999924,48.59999847,1.950000048,17,4.579999924,668.3800049,215.0500031,126.25,61.99000168,40.75,21.03000069,22.21999931,17.60000038,52.77000046,25.22999954,24.79999924,33.24000168,50.5,15.19999981,38.09000015,10.64999962,13.05000019,40.77999878,25.14999962,21.79999924,22.75,12.94999981,22.39999962,13.94999981,49,18.70000076,33.45000076,56.09999847,137.8399963,246.1900024,43.29000092,73.65000153,4.5,11.52000046,24.95000076,5.599999905,34.38000107,4.820000172,16.95000076
2017/5/9,153.9900055,3.950000048,16.87000084,71.44000244,12.81000042,7.019999981,20.89999962,48.29999924,1.950000048,16.89999962,4.460000038,661.9099731,217.5599976,124.5500031,62.56999969,41.54999924,21.12000084,22.48999977,18.10000038,53.68000031,25.22999954,24.78000069,33.72000122,50.65999985,15.85000038,38.22000122,10.89999962,12.94999981,40.74000168,25.5,21.73999977,22.79999924,13.5,21.39999962,13.94999981,49.84999847,18.39999962,33.38000107,56,138.3200073,243.0599976,43.13999939,73.34999847,4.590000153,11.53999996,24.95000076,5.400000095,33.13999939,4.75,17.14999962
2017/5/10,153.2599945,3.799999952,17.09000015,71.45999908,13.40999985,8.430000305,20.85000038,48.02500153,1.850000024,16.75,4.53000021,666.3200073,216.4100037,124.9499969,62.36999893,41.34999847,21.52000046,22.65999985,18.20000076,53.75,25.27000046,24.89999962,33.88000107,50.47999954,15.75,38.13000107,10.75,12.80000019,40.72999954,25.45000076,21.95999908,22.70000076,13.19999981,20.45000076,14,49.70000076,18.54999924,33.02999878,56.13000107,138.3999939,244,42.86000061,73.65000153,4.670000076,11.52999973,24.95000076,5.5,33.52000046,4.489999771,17.35000038
2017/5/11,153.9499969,3.799999952,16.21999931,71.04000092,13.42000008,8.149999619,20.25,47.67499924,1.899999976,16.95000076,4.409999847,672,215.5800018,123.1999969,60.47999954,40.34999847,21.69000053,22.53000069,17.95000076,53.11999893,25.31999969,24.84000015,34.11999893,49.93999863,15.94999981,38.29000092,10.5,13.10000038,40.68999863,24.85000038,22.02000046,22.75,13.39999962,21.14999962,14,50.5,18.54999924,33.04000092,55.83000183,138.2899933,244.4199982,42.38000107,73.34999847,4.590000153,11.52000046,25.03000069,5.099999905,33.58000183,4.309999943,16.64999962
2017/5/12,156.1000061,3.75,16.04000092,71.25,13.11999989,8.319999695,20.14999962,47.42499924,1.899999976,16.10000038,4.449999809,668.3800049,213.4299927,122.9000015,58.93999863,39.84999847,21.80999947,22.64999962,17.60000038,52.65999985,25.38999939,24.81699944,34.06999969,49.91999817,16.35000038,38.13000107,10.39999962,12.69999981,40.24000168,24.45000076,22.26000023,22.79999924,13.44999981,22,13.94999981,49.34999847,18.14999962,33.00999832,55.09999847,138.6000061,243.9499969,41.88999939,72.59999847,4.75,11.65999985,25.07999992,5,33.26800156,4.130000114,16.27000046
2017/5/15,155.6999969,3.700000048,15.84000015,72.47000122,12.90999985,8.220000267,20.70000076,48.17499924,2,16.45000076,5.099999905,661.8400269,216.0700073,124.0500031,58.52999878,40.65000153,21.95000076,22.79999924,17.60000038,52.25999832,25.34000015,25.01499939,34.18000031,50.40000153,16.10000038,38.54999924,10.55000019,12.64999962,40.29000092,24.20000076,22.52000046,22.79999924,13.44999981,22.14999962,13.89999962,51.09999847,18.29999924,33.11999893,55.45999908,139.0399933,244.6999969,42.72000122,73.09999847,4.710000038,11.59000015,25.22999954,5,32.75999832,4.239999771,16.25
2017/5/16,155.4700012,3.599999905,15.27999973,72.56999969,12.42000008,8.25,20.79999924,48.22499847,1.950000048,16.70000076,5.059999943,673.75,215.1100006,125,58.20999908,40.04999924,21.93000031,23,17.60000038,51.56000137,25.38999939,25.04999924,34.81000137,50.38000107,16.14999962,38.68000031,10.44999981,12.19999981,40.09999847,23.20000076,22.25,22.64999962,13.64999962,20.35000038,13.94999981,50.90000153,18.20000076,32.59999847,55.52999878,139.6199951,244.5399933,39.47000122,73.15000153,4.619999886,11.5,25.37000084,4.599999905,32.41999817,4.25,15.94999981
2017/5/17,150.25,3.650000095,14.73999977,68.19999695,11.97000027,7.860000134,20.10000038,46.02500153,2.049999952,16.20000076,4.96999979,669.8300171,211.2100067,122.1500015,58.25999832,39.15000153,21.40999985,22.57999992,17.25,48.70000076,25.36000061,24.37999916,33.58000183,49.66999817,16.64999962,37.75,10.14999962,12.05000019,38.27000046,23.04999924,21.88999939,22.54999924,13.10000038,17.85000038,13.64999962,49.25,17.60000038,32.22999954,54,136.0700073,241.6499939,39.00999832,71.94999695,4.559999943,10.89999962,25.25,4.199999809,34.58000183,4.019999981,15.44999981
2017/5/18,152.5399933,3.75,14.97999954,68.59999847,12.06999969,8.140000343,20.20000076,46.25,2.299999952,15.80000019,4.949999809,681.9299927,215.8600006,120.5,58.61999893,38.20000076,20.73999977,22.57999992,17.35000038,49.91999817,25.05999947,24.48999977,33.72999954,49.38000107,17.10000038,37.61999893,10.35000038,12.25,38.15000153,22.89999962,21.70999908,22.45000076,12.75,18.10000038,13.55000019,50.65000153,17.5,32.22000122,54.04999924,137.2599945,243.8500061,39.54999924,71.19999695,4.429999828,10.94999981,25.26000023,4.5,33.08000183,4.050000191,15.25
2017/5/19,153.0599976,3.900000095,14.97999954,69.44999695,12.13000011,8.239999771,20.20000076,46.17499924,2.450000048,15.94999981,5.050000191,688.25,221.1300049,121.4499969,58.93000031,38.15000153,21,22.75,17.14999962,49.27000046,25.09000015,24.64999962,33.83000183,50.11000061,17.89999962,38.22000122,10.25,12.60000038,37.72000122,23.85000038,21.68000031,22.5,12.69999981,18.54999924,13.64999962,50.34999847,18.25,32.45999908,54.47000122,137.8399963,243.9400024,39.54999924,70.80000305,4.579999924,10.94999981,25.29999924,4.199999809,33.88000107,4.090000153,14.94999981
2017/5/22,153.9900055,3.950000048,15.80000019,69.48999786,11.96000004,8.460000038,20.39999962,46.79999924,2.349999905,15.85000038,5.059999943,688.3300171,225.2100067,124.25,58.43999863,38.70000076,20.79000092,23.11000061,16.95000076,48.59999847,25.15999985,24.97999954,33.86000061,51,16.70000076,38.54999924,10.14999962,12.60000038,38.45000076,24.25,22.01000023,22,13.19999981,18.85000038,13.69999981,49.54999924,18.25,32.11999893,54.56000137,139,243.9700012,39.77999878,70.75,4.579999924,11.38000011,25.32999992,4.400000095,33.59999847,4.070000172,15.39999962
2017/5/23,153.8000031,4.050000191,15.52000046,68.55000305,12.18000031,8.390000343,20.5,47.625,2.299999952,16.04999924,5.019999981,693.5,226.7299957,124.3499985,58.34999847,38.75,20.79999924,23.44000053,16.89999962,49.56999969,25.14999962,24.95999908,34.61000061,51.52000046,16.64999962,38.79999924,10.35000038,12.44999981,39.13999939,23.79999924,22.12999916,21.89999962,13.14999962,18.79999924,13.44999981,50.09999847,17.79999924,32.13999939,54.86999893,139.1399994,246.2700043,40.02000046,70.69999695,4.539999962,11.26000023,25.37000084,4.199999809,33.75999832,4,14.85000038
2017/5/24,153.3399963,4,16.01000023,68.30999756,12.35000038,8.340000153,20.35000038,47.52500153,2.200000048,15.85000038,5.050000191,695.8300171,222.6100006,124.75,59.22000122,39.15000153,20.76000023,23.12999916,17,48.95999908,25.12999916,25.02000046,34.81999969,51.75,16.45000076,38.34000015,10.30000019,12.5,39.06000137,23.79999924,22.22999954,22.39999962,13.05000019,17.89999962,13.55000019,50.25,17.89999962,32.04999924,55,139.7799988,247.6000061,39.65000153,70.5,4.539999962,11.13000011,25.42000008,4.199999809,33.70000076,3.970000029,14.80000019
2017/5/25,153.8699951,3.799999952,15.55000019,66.05000305,12.44999981,8.270000458,20.45000076,47.57500076,2.200000048,15.94999981,5.010000229,702,218.9900055,126.8000031,59.20000076,40.15000153,20.64999962,23.15999985,16.79999924,49.08000183,25.17000008,25.15999985,35.22000122,51.86999893,16.14999962,38.20000076,10.35000038,12.30000019,38.83000183,23.64999962,22.29999924,22.25,13.25,17.75,13.55000019,50.40000153,17.75,32.15999985,55.5,140.9700012,249.0099945,39.34000015,70.75,4.429999828,11.18000031,25.40999985,4.199999809,33.81999969,3.849999905,14.55000019
2017/5/26,153.6100006,3.700000048,15.64999962,66.63999939,14,8.159999847,20.25,47.72499847,2.400000095,16.85000038,5.070000172,713.7600098,217.8999939,127.1999969,59.25999832,39.29999924,20.52000046,22.95000076,17,47.81000137,25.22999954,25.1420002,34.90000153,51.77999878,15.60000038,37.79999924,10.19999981,12.55000019,38.43999863,23.79999924,22.37000084,21.95000076,13.19999981,17.54999924,13.44999981,50.34999847,17.85000038,32.13999939,55.22000122,141.2200012,248.6600037,39.06999969,70.69999695,4.510000229,11.35999966,25.39999962,4,34.61399841,3.779999971,14.69999981
2017/5/30,153.6699982,3.650000095,15.42000008,66.93000031,12.85000038,7.860000134,20.25,47.42499924,2.349999905,16.64999962,5.099999905,715.4899902,215,123.9000015,59.11000061,39.79999924,20.39999962,22.46999931,16.64999962,48.34000015,25.26000023,25.07299995,34.61999893,52.06000137,15.05000019,37.40000153,10.05000019,12.25,38.08000183,23.45000076,22.20000076,21.95000076,13.25,17.04999924,13.5,50.54999924,17.75,32.13000107,55.00999832,141.3399963,248.2700043,38.36999893,70.09999847,4.400000095,11.28999996,25.11000061,6.329999924,36.06000137,3.660000086,14.39999962
2017/5/31,152.7599945,3.849999905,15.38000011,68.52999878,13.14000034,7.579999924,20.29999924,47.22499847,2.200000048,16.70000076,5.110000134,718.5999756,215.0200043,123.0999985,58.97999954,39.40000153,20.23999977,22.78000069,17,47.72999954,25.26000023,25.06999969,34.29999924,52.36999893,14.30000019,37.33000183,10,12.05000019,37.86000061,23.20000076,21.90999985,21.75,13.39999962,16.75,13.64999962,52.04999924,17.45000076,32.65000153,55.13999939,141.2899933,254.6499939,38.36999893,70,4.269999981,11.22999954,25.04999924,5.059999943,35.75999832,3.390000105,14.25
2017/6/1,153.1799927,4.099999905,16.27000046,69.87000275,14.03999996,7.739999771,20.89999962,47.57500076,2.299999952,17.45000076,5.070000172,730.4400024,218.4799957,126.3000031,59.20000076,40.65000153,20.19000053,23.48999977,17.20000076,47.70999908,25.30999947,25.28000069,34.79000092,53,14.75,37.5,10,12.44999981,37.91999817,23.45000076,22.05999947,22.10000038,13.75,16.64999962,13.85000038,52.09999847,17.39999962,32.70999908,55.95000076,141.8399963,255.6000061,39.08000183,70.25,4.420000076,11.56999969,25.04000092,5.130000114,33.56000137,3.690000057,14.44999981
2017/6/2,155.4499969,4.550000191,16.87999916,71.01000214,13.52000046,8.180000305,21.29999924,48.04999924,2.349999905,17.35000038,5.070000172,731,219.8999939,124.8000031,59.25,41.09999847,20.14999962,23.38999939,17.04999924,46.58000183,25.36000061,25.4640007,35.31999969,53.27000046,14.5,38.65000153,10.05000019,12.39999962,37.5,22.60000038,22.22999954,22.25,13.60000038,17.75,13.75,53.45000076,17.54999924,32.54000092,57.15999985,143.4600067,255.5299988,38.66999817,73.65000153,4.28000021,11.39000034,25.07999992,4.860000134,31.89999962,3.720000029,12.72999954
2017/6/5,153.9299927,4.550000191,17.07999992,69.90000153,13.05000019,7.989999771,21.10000038,47.22499847,2.25,17.14999962,5.019999981,725.4799805,223.2700043,123.75,58.58000183,40.65000153,20,22.89999962,16.89999962,46.43000031,25.35000038,25.38999939,35.54999924,53.31000137,13.55000019,38.18999863,10.05000019,12.30000019,37.00999832,22.79999924,21.97999954,21.95000076,13.69999981,17.60000038,13.60000038,51.59999847,17.79999924,32.34999847,56.61000061,143.4299927,254.0800018,38.47999954,73,4.150000095,11.21000004,25.14999962,4.670000076,32.43999863,3.599999905,13.30000019
2017/6/6,154.4499969,4.349999905,17.01000023,68.70999908,13.27999973,7.659999847,21.14999962,46.84999847,2.299999952,17.14999962,4.989999771,723.7800293,223.7200012,123.75,58.09999847,40.34999847,20.01000023,22.72999954,16.79999924,44.86999893,25.23999977,25.30999947,35.47000122,53.00999832,12.80000019,38.06000137,9.899999619,11.75,36.88000107,22.60000038,22.32999992,22.5,13.39999962,18.39999962,13.5,50.15000153,17.89999962,32.06999969,56.20999908,142.8600006,252.0800018,38.15000153,71.80000305,4.289999962,11.43000031,25.27000046,4.550000191,32.91999817,3.74000001,12.75
2017/6/7,155.3699951,4.25,17.5,69.38999939,13.51000023,7.690000057,21.35000038,47.20000076,2.25,16.75,4.960000038,731.4500122,225.5200043,122.3499985,57.29999924,39.79999924,19.61000061,21.81999969,16.60000038,45.61999893,25.27000046,25.38999939,35.77000046,53.04000092,12,37.34999847,9.899999619,12.5,37.47000122,22.75,22.80999947,22.79999924,13.14999962,19.64999962,13.55000019,49.34999847,18.25,32,56.25999832,143.4199982,252.4299927,38.38000107,71.69999695,4.230000019,11.36999989,25.21999931,4.699999809,32.74000168,3.660000086,12.80000019
2017/6/8,154.9900055,4.099999905,17.39999962,68.36000061,14.07999992,7.809999943,22.14999962,49.09999847,2.25,16.70000076,4.980000019,723.1099854,224.4900055,123.9000015,57.66999817,40.5,19.22999954,21.31999969,16.5,46.5,25.26000023,25.67000008,36.13999939,53.08000183,11.44999981,38.47000122,10,12.85000038,39.20000076,22.45000076,22.96999931,22.95000076,13.64999962,19.64999962,13.89999962,46.5,18.45000076,31.75,57.06000137,143.5700073,253.1699982,39.06000137,73.5,4.239999771,11.43000031,25.37000084,5.599999905,32.18000031,3.730000019,12.64999962
2017/6/9,148.9799957,4.300000191,17.55999947,67.41999817,13.35999966,7.679999828,22.60000038,50.84999847,2.299999952,16.85000038,4.960000038,724.2700195,231.3000031,123.5,58.11999893,40.25,19.21999931,21.79999924,16.64999962,47.75,25.27000046,25.44000053,34.93999863,53,10.5,39.93999863,10.14999962,13,40.70000076,23.39999962,23.04999924,22.64999962,13.19999981,19.10000038,14.19999981,46,18.75,32.77000046,57.52000046,139.9799957,255.5700073,39.86000061,74.59999847,4.400000095,11.14999962,25.56999969,5.769999981,32.5,3.769999981,13.35000038
2017/6/12,145.4199982,4.329999924,17.40999985,66.73000336,13.72999954,7.78000021,22.10000038,50.07500076,2.279999971,17.10000038,4.880000114,715.2600098,238.8000031,128.1999969,58.33000183,41.15000153,19.29999924,21.56999969,16.5,48.00999832,25.36000061,25.35000038,34.15000153,52.56999969,10.80000019,39.86999893,10.14999962,13.39999962,41,23.04999924,23.12000084,22.85000038,12.5,19.04999924,14.10000038,48.15000153,18.85000038,32.70000076,57.24000168,139.2299957,258.1199951,39.74000168,73.94999695,4.360000134,11.07999992,25.51000023,5.96999979,32.75999832,3.559999943,13.39999962
2017/6/13,146.5899963,4.199999809,17.28000069,65.83000183,13.85000038,7.840000153,22.29999924,49.97499847,2.279999971,16.79999924,4.820000172,713.8900146,241.3899994,127.5,52.58000183,41.65000153,19.27000046,21.70000076,16.64999962,47.81000137,25.35000038,25.54000092,34.45999908,52.50999832,11.14999962,39.59999847,10.25,13.69999981,41.02000046,22.54999924,23.27000046,22.75,12.5,18.75,14.35000038,50.59999847,18.95000076,32.58000183,57.29000092,140.3600006,255.2599945,40.22000122,74.40000153,4.349999905,11.18000031,25.5,5.949999809,32.27999878,3.690000057,13.14999962
2017/6/14,145.1600037,3.75,17.27000046,63.93999863,14.01000023,7.809999943,22.39999962,49.875,2.299999952,16.75,4.860000134,717.9299927,238.4400024,126.9499969,53.79000092,41.95000076,18.95999908,23.25,16.29999924,48.58000183,25.37999916,25.5,34.5,52.56000137,12.35000038,38.43999863,9.800000191,13.60000038,40.5,22.89999962,23.04999924,23.04999924,11.80000019,18.20000076,14.39999962,50.90000153,18.95000076,32.68999863,56.65999985,139.75,252.3800049,40.75999832,73.84999847,4.309999943,11.05000019,25.52000046,5.610000134,31.76000023,3.789999962,13.19999981
2017/6/15,144.2899933,5.75,17.25,64.55000305,14.01000023,7.619999886,21.95000076,50.04999924,2.299999952,16.89999962,4.820000172,715.2600098,237.1799927,126.0999985,52.40999985,40.65000153,18.37000084,23.01000023,16.20000076,49.18999863,25.37000084,25.32999992,34.09000015,52.56000137,14.5,38.84000015,9.800000191,13.89999962,40.43000031,22.54999924,23,23,12,18.79999924,14.14999962,52.40000153,18.75,32.81000137,57.09000015,139.1300049,252.0899963,40.83000183,73.94999695,4.21999979,11.03999996,25.5,5.5,32.63600159,3.690000057,13.10000038
2017/6/16,142.2700043,5.199999809,17.48999977,61.86999893,14.10999966,7.519999981,21.75,49.77500153,2.299999952,16.64999962,4.809999943,722.5300293,239.0500031,121.4499969,52.97000122,40.70000076,19.05999947,23.12999916,16.29999924,49.22999954,25.37000084,25.29999924,33.95999908,52.59999847,13.64999962,38.68000031,9.5,14.05000019,39.77999878,22.29999924,23.37000084,22.79999924,11.85000038,19.14999962,14.10000038,49.95000076,19,32.97000122,56.63000107,138.1499939,255.5899963,40.16999817,74.75,4.349999905,11.31000042,25.32999992,5.050000191,32.90000153,3.640000105,12.55000019
2017/6/19,146.3399963,5.099999905,17.35000038,61.72999954,14.03999996,7.730000019,21.64999962,49.42499924,2.349999905,17.20000076,4.829999924,725.6599731,239.3899994,120.9499969,52.74000168,40,19.15999985,23.45999908,16.29999924,50.34999847,25.42000008,25.60000038,34.90000153,53.20999908,13.19999981,38.59999847,9.550000191,14.19999981,39.61999893,22.35000038,23.60000038,23.14999962,11.75,19.64999962,14.35000038,50.40000153,19,33.22000122,56.91999817,140.4600067,257.3200073,39.79999924,73.65000153,4.260000229,11.31000042,25.36000061,5.289999962,30.42000008,3.680000067,12.39999962
2017/6/20,145.0099945,4.829999924,17.22999954,62.34999847,13.93999958,8.350000381,21.35000038,48.40000153,2.599999905,16.64999962,4.820000172,724.0800171,240.4400024,120,50.75,39.45000076,19.25,22.79000092,15.75,50.65999985,25.36000061,25.38599968,34.93000031,53.38999939,13.75,37.34000015,9.5,13.44999981,38.91999817,22.04999924,23.48999977,22.64999962,12.10000038,19.64999962,14.10000038,50.45000076,18.89999962,33.56000137,56.15999985,139.3600006,254.8600006,39.36999893,73.44999695,4.260000229,11.02000046,25.37999916,4.849999905,29.26000023,3.569999933,12.19999981
2017/6/21,145.8699951,4.949999809,17.07999992,63.58000183,13.61999989,8.989999771,21,47.77500153,2.75,16.64999962,4.760000229,731,246.3600006,120.8499985,49.79999924,38.65000153,18.19000053,22.06999969,15.69999981,50.22000122,25.37999916,25.29000092,34.95999908,53.95000076,14.5,35.74000168,9.550000191,13.39999962,38.20999908,20.95000076,23.45999908,22.20000076,11.75,19.35000038,13.94999981,51.5,18.54999924,33.88000107,55.52999878,140.7400055,256.5799866,39.22999954,72.25,4.21999979,10.82999992,25.35000038,5.019999981,25.95999908,3.950000048,11.80000019
2017/6/22,145.6300049,5.300000191,16.81999969,64.08999634,14.22000027,8.760000229,20.85000038,47.54999924,2.849999905,16.70000076,4.820000172,715.9799805,249.7100067,125.9000015,50.00999832,39.04999924,18.92000008,21.65999985,16.25,49.72999954,25.38999939,25.28000069,35.11999893,54.90000153,13.64999962,35.95000076,9.649999619,13.19999981,38.83000183,20.35000038,24.12999916,22.79999924,11.85000038,19.29999924,14.14999962,51.84999847,18.70000076,34.06000137,55.68999863,140.6999969,256.7399902,39.36000061,73.09999847,4.300000191,10.93000031,25.34000015,5.03000021,24.68000031,3.799999952,11.89999962
2017/6/23,146.2799988,5.400000095,17.5,64.12999725,14.34000015,9.069999695,20.95000076,47.22499847,2.950000048,16.54999924,4.809999943,712.6799927,249.8699951,124.5500031,49.75999832,39.79999924,18.5,22.55999947,16.14999962,49.06000137,25.37000084,25.28000069,35.56999969,55.04999924,14.69999981,36.20999908,10,13.35000038,39.09000015,20.29999924,24.20000076,23.10000038,12,19.54999924,14.05000019,52.29999924,19.04999924,34.16999817,56.11999893,141.2400055,253.9799957,39.25999832,74,4.489999771,11.11999989,25.44000053,4.849999905,24.47999954,3.710000038,12
2017/6/26,145.8200073,5.199999809,17.38999939,64.83000183,14.56000042,9.020000458,21.14999962,47.29999924,2.900000095,17.20000076,4.78000021,715.4299927,253.0599976,123.5,50.20999908,39.45000076,18.90999985,22.79999924,16.5,50.47000122,25.37999916,25.29999924,35.09000015,56.09999847,14.30000019,36.40000153,10.14999962,13.64999962,39.00999832,20.25,24.54000092,23.25,12,19.5,14.25,52.5,19.14999962,34.04000092,55.95000076,140.5800018,254.1499939,39.61999893,73.69999695,4.630000114,10.85999966,25.44000053,4.760000229,24.81999969,3.619999886,12.05000019
2017/6/27,143.7299957,5,16.87999916,63.20000076,14.89999962,8.470000267,20.95000076,47.54999924,2.799999952,16.89999962,4.829999924,711.5900269,257.4899902,122.6500015,50.31000137,39.40000153,18.60000038,22.52000046,16.54999924,49.88000107,25.37000084,24.97999954,34.90999985,55.81000137,14.30000019,35.88999939,9.800000191,13.55000019,39.47000122,20.39999962,24.11000061,23.35000038,11.55000019,19.45000076,14.35000038,52,19.04999924,33.77000046,55.49000168,138.0299988,253.4100037,39.74000168,73.65000153,4.610000134,10.81000042,25.44000053,4.949999809,26.81999969,3.539999962,11.89999962
2017/6/28,145.8300018,5.199999809,17.19000053,64.66000366,15.43000031,8.56000042,21.14999962,48.25,2.900000095,17.45000076,4.78000021,709.5300293,262.5499878,125.9000015,50.29999924,39.65000153,18.87999916,23.07999992,16.20000076,49.79000092,25.39999962,25.32999992,35.31000137,56.56000137,15.25,37.02999878,9.899999619,13.75,40.08000183,20.60000038,23.79999924,22.60000038,11.35000038,19.85000038,14.19999981,53.25,19.60000038,33.75,56.54999924,140.0200043,255.0700073,40.43000031,73.55000305,4.769999981,11.03999996,25.43000031,5.050000191,25.26000023,3.660000086,12.10000038
2017/6/29,143.6799927,5.050000191,17.57999992,64.76999664,15.35000038,8.449999809,21.60000038,48.70000076,2.799999952,17,4.809999943,710.8200073,259.8900146,124.5500031,50.68000031,39.59999847,18.70000076,23.27000046,16.25,50.50999832,25.39999962,25.09000015,34.50999832,56.09999847,15.55000019,36.77999878,9.899999619,13.69999981,40.77999878,20.54999924,23.01000023,22.89999962,11.19999981,19.54999924,14.30000019,52.40000153,19.70000076,33.63000107,55.93999863,137.5899963,255.1600037,40.90999985,73.05000305,4.829999924,10.56000042,25.47999954,5.139999866,26.28000069,3.539999962,12.14999962
2017/6/30,144.0200043,5.199999809,17.48999977,65.37999725,15.14000034,8.369999886,21.5,48.29999924,2.799999952,16.85000038,4.840000153,710.9000244,257.1400146,125.0500031,50.29999924,40.09999847,19.45000076,22.95999908,16.10000038,50.90000153,25.37999916,25.19000053,34.91999817,55.58000183,15.10000038,36.88000107,9.75,13.69999981,40.81000137,20.75,22.87000084,23.29999924,11.10000038,19.35000038,13.85000038,52.04999924,19.95000076,33.59000015,56.56999969,137.6399994,254.5899963,40.65999985,73.80000305,4.800000191,10.52999973,25.44000053,5.150000095,26.84000015,3.50999999,12.35000038
2017/7/3,143.5,5.300000191,17.95999908,65.97000122,15.14000034,8.699999809,22.10000038,50.22499847,2.799999952,17.75,4.849999905,719.0100098,256.8299866,126.0999985,50.00999832,40.29999924,19.25,23.11000061,16.14999962,53.52000046,25.35000038,25.12999916,34.59999847,55.49000168,15.55000019,37.54999924,10.05000019,13.89999962,41.45000076,21.29999924,22.97999954,23.39999962,11.14999962,19.10000038,13.89999962,51.95000076,20.10000038,33.81999969,57.27000046,136.1900024,263.9500122,41.31000137,74.5,5.019999981,10.52999973,25.44000053,4.289999962,26.44000053,3.569999933,12.64999962
2017/7/5,144.0899963,5.550000191,17.76000023,66.08000183,14.89999962,8.989999771,21.85000038,49.52500153,2.799999952,17.5,4.889999866,733.4799805,249.9900055,125.6500015,49.72999954,40.27999878,19.18000031,22.48999977,15.80000019,52.88999939,25.37999916,25.22999954,34.72000122,55.18000031,15.60000038,37.02999878,9.699999809,13.75,41.25,20.95000076,22.73999977,22.39999962,11.25,19.54999924,13.75,51.95000076,20.25,33.63999939,56.90000153,137.5299988,262.75,40.84999847,74.15000153,4.929999828,10.78999996,25.47999954,3.849999905,25.5,3.660000086,12.25
2017/7/6,142.7299957,5.550000191,17.89999962,66.16000366,14.76000023,8.729999542,21.64999962,49.04999924,2.799999952,17.20000076,4.809999943,724.6900024,240.9900055,124.2099991,49.29999924,39.95000076,18.70999908,22.34000015,15.60000038,52.93999863,25.38999939,25,34.02999878,54.43999863,14.80000019,36.74000168,9.449999809,13.5,40.84000015,20.20000076,22.47999954,22.54999924,11,19.25,13.55000019,51.20000076,20.10000038,33.22000122,55.84000015,136.2899933,261.3200073,40.36999893,73.55000305,4.889999866,10.64999962,25.42000008,3.50999999,26.73999977,3.519999981,12.35000038
2017/7/7,144.1799927,5.5,17.92000008,67.65000153,15.30000019,8.350000381,21.54999924,50.04999924,2.849999905,17.20000076,4.840000153,724.8099976,241.8000031,127.4000015,49.61000061,40.65000153,18.52000046,22.36000061,15.89999962,54.56999969,25.37999916,25.35000038,34.22999954,54.88000107,14.69999981,36.47999954,9.649999619,13.69999981,40.47999954,20.35000038,22.79999924,22.39999962,11.30000019,19.75,13.69999981,52.29999924,20.25,33.34999847,56.70999908,137.7599945,263.2099915,40.68999863,74.75,4.880000114,10.90999985,25.38999939,3.559999943,26.21999931,3.569999933,12.44999981
2017/7/10,145.0599976,5.599999905,16.97999954,68.19000244,14.97999954,8.149999619,21.25,49.40000153,2.75,16.85000038,4.809999943,724.4699707,242.3000031,126.5999985,48.97999954,40.90000153,18.39999962,22.44000053,15.60000038,54.27000046,25.45000076,25.35000038,35.04000092,54.84000015,14.44999981,37.84999847,9.550000191,14.05000019,40.63000107,19.5,22.45000076,22.85000038,11.64999962,20.04999924,13.39999962,52.34999847,20.25,33.40999985,56.43999863,138.6600037,265.5799866,40.34000015,74.75,4.929999828,10.89000034,25.44000053,3.579999924,26.71999931,3.369999886,12.19999981
2017/7/11,145.5299988,5.400000095,16.77000046,68.91999817,15.14000034,8.130000114,20.70000076,49,2.650000095,17.14999962,4.829999924,720.5100098,241.9900055,127.8499985,49.31000137,40.95000076,18.98999977,22.55999947,15.60000038,54.06000137,25.45000076,25.43000031,35.18999863,54.97000122,14.69999981,37.36000061,9.399999619,14.05000019,40.59999847,19.5,22.60000038,23.25,11.75,19.70000076,13.30000019,52.54999924,20.70000076,33.16999817,56.54000092,139.0500031,262.2399902,40.16999817,75.44999695,4.940000057,10.81000042,25.37999916,3.380000114,26.29999924,3.339999914,12.25
2017/7/12,145.7400055,5.449999809,16.68000031,68.69000244,15.11999989,8.239999771,20.85000038,49.47499847,2.700000048,17.39999962,4.840000153,733.5,242.2599945,127.8499985,49.81999969,42.04999924,19.5,22.61000061,15.55000019,53.5,25.45000076,25.75,36.02999878,55.33000183,14.75,37.63999939,9.449999809,13.94999981,40.52999878,19.29999924,22.94000053,23.29999924,12.19999981,20.75,13.44999981,52.95000076,21,33.22000122,56.83000183,140.6999969,262.7200012,40.22000122,76.30000305,5.059999943,10.90999985,25.46999931,2.950000048,25.70000076,3.339999914,12.14999962
2017/7/13,147.7700043,5.349999905,16.95999908,69.44999695,14.97999954,8.399999619,20.79999924,49.75,2.799999952,17.5,4.869999886,737.6500244,241.5899963,127.25,49.84000015,40.45000076,19.64999962,22.61000061,15.35000038,53.81999969,25.45000076,25.77000046,36.5,55.00999832,15.19999981,37.52999878,9.600000381,14.05000019,40.38000107,20,22.76000023,22.89999962,11.85000038,20.95000076,13.64999962,54.40000153,21.04999924,33.27999878,56.83000183,141.0099945,263.8299866,40.13000107,76,5.119999886,11.07999992,25.39999962,3.089999914,25.20000076,3.75999999,12.60000038
2017/7/14,149.0399933,5.300000191,16.98999977,68.84999847,15.25,8.600000381,20.75,49.47499847,3.049999952,17.54999924,4.849999905,738.5100098,242.2799988,128.3000031,50,41.20000076,19.40999985,22.70000076,15.35000038,52.47999954,25.54000092,25.86000061,37.08000183,55.16999817,14.89999962,37.38000107,9.600000381,14.19999981,40.02999878,20.10000038,22.76000023,23.29999924,11.85000038,21.25,13.5,55.15000153,22.25,33.43000031,57.00999832,142.1199951,263.75,39.77000046,75.75,5.110000134,10.97999954,25.43000031,3.130000114,25.12400055,3.690000057,12.44999981
2017/7/17,149.5599976,5.25,16.95999908,69.91000366,15.21000004,8.510000229,20.79999924,49.65000153,3.049999952,17.54999924,4.869999886,735.7000122,242.1600037,128.5500031,50.63000107,42.04999924,18.90999985,22.73999977,15.5,51.74000168,25.48999977,25.81999969,37.04999924,55.16999817,14.19999981,37.65000153,9.649999619,14.25,39.90999985,20.35000038,22.69000053,23.04999924,11.60000038,21.54999924,13.39999962,56.95000076,23.45000076,33.25,57.20000076,142.1900024,264.8599854,39.86999893,75.40000153,5.210000038,11.06000042,25.39999962,3.210000038,25.41799927,3.680000067,12.44999981
2017/7/18,150.0800018,5.099999905,17.01000023,69.76999664,15.27999973,8.5,20.45000076,49.72499847,3.049999952,17.5,4.849999905,729.1799927,245.3699951,127.5500031,49.81000137,42.79999924,18.35000038,23.21999931,15.30000019,50.70000076,25.59000015,25.84000015,36.79999924,54.61000061,13.64999962,36.75,9.600000381,14.05000019,39.91999817,19.95000076,22.62999916,22.79999924,11.55000019,21.60000038,13.25,57.29999924,23.54999924,33.36000061,56.93999863,143.1399994,267.3299866,39.63999939,75.09999847,5.090000153,10.84000015,25.37000084,3.069999933,25.45999908,3.549999952,12.44999981
2017/7/19,151.0200043,5.099999905,17.38999939,70.23000336,15.59000015,8.470000267,20.54999924,49.57500076,3,17.70000076,4.880000114,736.0599976,248.5800018,128.8999939,50.40000153,43.15000153,18.20000076,23.52000046,15.5,50.74000168,25.57999992,26.06999969,37.08000183,55.34000015,13.69999981,37.40999985,9.649999619,14.30000019,40.40000153,20.35000038,22.75,23.29999924,11.89999962,21.64999962,13.19999981,58.95000076,23.89999962,33.61999893,57.58000183,143.9799957,269.0400085,39.61999893,75.15000153,5.050000191,10.97000027,25.37000084,2.75,24.47800064,3.569999933,13.14999962
2017/7/20,150.3399963,4.650000095,17.62000084,70.59999847,15.72000027,8.380000114,20.20000076,52.42499924,3.150000095,18.14999962,4.829999924,738.25,248.1300049,128.4499969,50.63000107,43.45000076,18.36000061,23.39999962,15.5,50.56000137,25.72999954,26.02000046,37.18000031,55,13.30000019,37.43000031,9.699999809,14.69999981,40.27999878,20.29999924,23.03000069,22.70000076,11.64999962,21.45000076,13,58.04999924,23.79999924,33.54000092,57.63000107,144.1699982,269.1099854,40.00999832,74.59999847,4.949999809,10.75,25.37999916,2.869999886,23.63999939,3.519999981,12.85000038
2017/7/21,150.2700043,4.800000191,17.65999985,68.70999908,15.47999954,8.239999771,20,54.47499847,3.25,18.45000076,4.829999924,739.9099731,250.0299988,127.3000031,49.84999847,44.54999924,18.29999924,23.45999908,14.80000019,49.27000046,25.92000008,26.02000046,36.61000061,54.97000122,13.35000038,36.29999924,9.699999809,14.5,39.84999847,19.70000076,23.01000023,22.45000076,11.35000038,21.20000076,13,59.20000076,23.35000038,33.47999954,57.20999908,144.1100006,270.1199951,39.79000092,73.94999695,5,11.25,25.5,2.769999981,23.34000015,3.5,12.64999962
2017/7/24,152.0899963,4.75,18.45000076,67.93000031,15.72000027,7.800000191,20.20000076,53.77500153,3.5,18.29999924,4.809999943,745.7800293,253.1300049,127.4499969,49.25,43.5,18.11000061,23.38999939,13.85000038,49.13000107,25.68000031,26.20000076,36.38000107,54.79000092,13.30000019,36.22999954,9.600000381,14.64999962,40.36999893,13.10000038,22.92000008,23,11.5,21.5,13.10000038,61.20000076,23.29999924,33.31999969,57.09000015,144.7700043,271.1199951,39.95000076,73.90000153,4.940000057,11.39999962,25.43000031,2.710000038,22.70000076,3.539999962,12.10000038
2017/7/25,152.7400055,4.75,18.26000023,68.25,16.26000023,7.860000134,20.5,54.40000153,3.349999905,18.39999962,4.789999962,749.9000244,254.0899963,127.6500015,50.40000153,43.59999847,18.29999924,23.45000076,13.89999962,49.68000031,25.64999962,26.20999908,36.31999969,55.84999847,12.64999962,36.22000122,9.600000381,14.80000019,40.72999954,14.14999962,23.04000092,23.04999924,11.44999981,21.35000038,13.5,61.65000153,23.64999962,33.09999847,57.49000168,144.3999939,266.730011,40.58000183,74.84999847,4.960000038,11.47999954,25.45999908,2.730000019,23.44000053,3.529999971,12.30000019
2017/7/26,153.4600067,4.599999905,17.89999962,69.05000305,16.12999916,7.769999981,20,53.40000153,3.5,18.39999962,4.809999943,745.6900024,248.9900055,126.0500031,48.95999908,43.75,17.77000046,23.62999916,14.05000019,48.45000076,25.63999939,26.23999977,37.04000092,55.63999939,12.30000019,35.06000137,9.75,14.89999962,40.04000092,14.64999962,22.95999908,22.45000076,11.55000019,20.75,13.30000019,62.95000076,21.75,32.88999939,57.04000092,144.8699951,260.019989,39.86999893,74.25,4.900000095,11.43000031,25.45999908,2.710000038,22.97999954,3.470000029,12.44999981
2017/7/27,150.5599976,4.349999905,17.62000084,66.33000183,15.81999969,7.489999771,19.89999962,53.04999924,3.450000048,18.64999962,4.78000021,752.1799927,248.8600006,126.3000031,48.75,44.04999924,17.94000053,23.20999908,14.44999981,48.58000183,25.54999924,26.05999947,36.16999817,56.31000137,12.35000038,35.91999817,9.600000381,15.10000038,38.70999908,15.75,22.92000008,22.64999962,11.14999962,20.60000038,13.25,55.40000153,21.29999924,33,56.27999878,143.9600067,259.5299988,39.93999863,74.55000305,4.940000057,10.97999954,25.45999908,2.650000095,24.31999969,3.390000105,12.80000019
2017/7/28,149.5,4.699999809,17.65999985,65.54000092,15.85000038,7.71999979,20.25,53.07500076,3.349999905,18.60000038,4.840000153,758.2199707,248.4299927,126.6500015,47.66999817,44.20000076,18.20000076,23.15999985,14.30000019,47.52999878,25.62999916,26.11000061,35.93999863,57.59999847,12.14999962,36.02999878,9.649999619,15.05000019,38.00999832,15.25,23.20999908,22.64999962,11.10000038,20.75,13.05000019,56.45000076,21.29999924,33.15000153,56.43999863,143.8399963,259.8599854,39.75,75.09999847,4.989999771,11,25.39999962,2.619999886,23.70000076,3.369999886,12.39999962
2017/7/31,148.7299957,4.599999905,17.35000038,65.47000122,16,7.510000229,20.54999924,53.375,3.400000095,17.5,4.829999924,759.9000244,249.1000061,125.0999985,47.58000183,41.75,18.18000031,23.20000076,14.19999981,47.45999908,25.67000008,25.98999977,35.72999954,57.54999924,11.39999962,35.45999908,9.649999619,14.89999962,39.00999832,15.60000038,23.25,22.85000038,11.35000038,20.70000076,13,55.75,21,33.15999985,56.43999863,143.2299957,262.3900146,40.04000092,75.55000305,4.929999828,10.97000027,25.43000031,3,24.47999954,3.380000114,12.69999981
2017/8/1,150.0500031,4.449999809,17.17000008,63.99000168,16.02000046,7.409999847,20.89999962,53.70000076,3.400000095,16.75,4.809999943,760.8699951,271.0700073,128.3999939,47.56999969,41.25,18.19000053,23.29000092,14.19999981,47.52000046,25.79999924,26,35.90999985,58.36000061,12,35.59999847,9.649999619,14.89999962,39.27999878,15.44999981,23.20000076,22.5,9.569999695,20.64999962,13.39999962,54.34999847,21.14999962,33.08000183,56.43999863,143.5599976,263.9899902,40.24000168,75.84999847,4.909999847,11.19999981,25.44000053,3.089999914,25.21999931,3.400000095,13
2017/8/2,157.1399994,4.349999905,17.17000008,64.30000305,15.97999954,7.309999943,20.70000076,53.5,3.299999952,17.04999924,4.789999962,757.9699707,276.5400085,126.5500031,47.13000107,40.59999847,18.42000008,22.12000084,14.14999962,47.81000137,25.72999954,25.73999977,35.90000153,57.50999832,12.10000038,33.13000107,9.449999809,14.44999981,39.29000092,14.94999981,23.13999939,22.5,9.149999619,20.5,13.25,51,20.79999924,32.91999817,55.56000137,143.9499969,265.3399963,39.66999817,69.25,4.849999905,10.88000011,25.47999954,2.599999905,24.84399986,3.369999886,13.39999962
2017/8/3,155.5700073,4.349999905,17.06999969,64.04000092,15.85999966,7.5,20.25,52.20000076,3.299999952,17.29999924,4.769999981,762.2700195,271.4400024,128.3999939,44.18999863,42.34999847,18.12000084,21.90999985,14,47.59000015,25.77000046,25.69000053,35.70999908,57.34999847,12.44999981,34.11000061,9.300000191,13.60000038,38.66999817,15.14999962,23.62000084,22.64999962,9.600000381,20,12.94999981,51.90000153,20.35000038,33.43000031,55.31000137,143.3899994,266.0599976,39.49000168,65.69999695,4.75,10.77000046,25.45000076,2.950000048,25.42000008,3.359999895,12.80000019
2017/8/4,156.3899994,4.599999905,17.20999908,64.91000366,15.86999989,8.109999657,20.45000076,52.65000153,3.200000048,17.75,4.71999979,761.3599854,271.1199951,128.75,45.13000107,43.84999847,18.04999924,21.07999992,14.35000038,48.79999924,25.61000061,25.69000053,35.61999893,56.77000046,14.14999962,34.43999863,9.350000381,13.5,39.63999939,15,23.95999908,22.75,9.149999619,19.70000076,12.10000038,53.40000153,21.35000038,33.63999939,55.95999908,143.6499939,265.6700134,39.83000183,66.25,4.800000191,10.57999992,25.52000046,2.950000048,25.18000031,3.390000105,12.85000038
2017/8/7,158.8099976,4.599999905,17.03000069,65.41000366,15.94999981,8.109999657,20.5,52.34999847,3.099999905,18.10000038,4.760000229,760.710022,275.8999939,129.6499939,45.81000137,43.20000076,18.05999947,21.04000092,14.39999962,48.93999863,25.68000031,25.82999992,36.11000061,56.75,13.60000038,34.31999969,9.300000191,13.64999962,38.79999924,14.69999981,24.20000076,22.95000076,9.550000191,18.79999924,12,54.54999924,20.89999962,33.31000137,55.63999939,144.5599976,265.5899963,39.47000122,66.25,4.809999943,10.86999989,25.54000092,2.859999895,24.79599953,3.49000001,12.75
2017/8/8,160.0800018,4.599999905,16.81999969,65.48999786,15.89999962,7.900000095,20,52.40000153,3.049999952,18.20000076,4.710000038,749.2000122,279.9200134,130.25,44.93000031,43.20000076,17.95999908,20.84000015,14.14999962,48.47999954,25.78000069,25.75,36.36000061,56.70999908,13.5,34.68000031,9.300000191,14.14999962,38.91999817,14.85000038,23.77000046,22.75,9.149999619,18.64999962,12.05000019,54.70000076,20.25,33.27999878,55.54999924,144.3099976,266.1900024,39.63999939,64.75,4.800000191,11.05000019,25.51000023,3.019999981,25.44000053,3.410000086,12.85000038
2017/8/9,161.0599976,4.550000191,16.42000008,65.26000214,14.22999954,8.659999847,19.85000038,51.25,3.150000095,18,4.760000229,747.1799927,278.3200073,129.1499939,44.93999863,43.59999847,17.51000023,20.70999908,13.94999981,46.74000168,25.62000084,25.59399986,36.08000183,55.68999863,13.14999962,34.45000076,9.100000381,14.5,37.99000168,14.19999981,23.75,22.39999962,9.050000191,18.04999924,12.05000019,55.04999924,20,33.45000076,55.11999893,144.1199951,268.7200012,38.91999817,63.15000153,4.659999847,10.97000027,25.53000069,2.769999981,25.70000076,3.400000095,12.55000019
2017/8/10,155.3200073,4.5,15.25,64,13.81999969,8.340000153,19.39999962,49.84999847,2.950000048,18.04999924,4.889999866,728.3800049,272.4700012,128.8500061,44.93999863,44.04999924,17.5,20.53000069,14,45.68000031,25.61000061,25.04999924,34.99000168,55.47000122,12.69999981,33.31000137,9.050000191,14.25,36.54000092,13.55000019,23.25,22.79999924,8.800000191,16.89999962,12.05000019,54.79999924,20.14999962,33.41999817,54.40999985,141.0299988,269.2999878,38.11999893,62.29999924,4.590000153,10.52999973,25.44000053,2.430000067,27.93000031,3.329999924,12.14999962
2017/8/11,157.4799957,4.800000191,15.84000015,65.43000031,14.07999992,8.619999886,19.35000038,49.45000076,2.950000048,18.45000076,4.829999924,735.5999756,273.2999878,128.5500031,44.79999924,43.65000153,17.95000076,20.54000092,14.64999962,45.06999969,25.61000061,25.13999939,35.04999924,55.95000076,13.10000038,33.16999817,8.850000381,14.69999981,36.52000046,13.69999981,23.21999931,23,9.100000381,16.85000038,12.19999981,53.95000076,20.14999962,33.25,54.45999908,142.1000061,265.0700073,37.81000137,63.04999924,4.630000114,10.52000046,25.44000053,2.25,27.29999924,3.400000095,12.30000019
2017/8/14,159.8500061,4.849999905,15.27999973,66.37000275,14.06000042,9.010000229,19.79999924,50.84999847,3.049999952,18.75,5,736.3300171,272.5599976,128.1000061,44.95999908,44.04999924,18.89999962,21.20000076,14.69999981,46.08000183,25.70000076,25.73999977,35.20000076,56.93999863,13.25,33.70000076,8.899999619,14.64999962,37.63999939,13.94999981,24.11000061,23.10000038,9.449999809,17.39999962,12.19999981,52.70000076,20.45000076,33.31000137,55.09999847,143.9299927,268.9400024,38.84000015,63.45000076,4.559999943,10.75,25.38999939,2.380000114,26.47999954,3.380000114,12.10000038
2017/8/15,161.6000061,4.699999809,14.68000031,66.01000214,13.98999977,8.93999958,19.45000076,50.29999924,3.200000048,18.5,5.039999962,739.2000122,271.4700012,127.5500031,44.11000061,43.70000076,18.84000015,20.5,14.55000019,47.11000061,25.79000092,25.61000061,35.25,55.34999847,13.30000019,33.08000183,8.649999619,14.64999962,37.65999985,11.64999962,24.11000061,22.75,9.100000381,16.85000038,11.94999981,52.95000076,20.70000076,33.38000107,54.52999878,144.0299988,267.4100037,38.49000168,64,4.510000229,10.63000011,25.46999931,2.349999905,26.44000053,3.410000086,11.75
2017/8/16,160.9499969,4.599999905,13.68000031,66.65000153,13.78999996,8.979999542,19.39999962,49.95000076,3.299999952,18.89999962,5.190000057,739.9500122,266.4500122,128.8000031,44.15000153,43.5,18.64999962,20.35000038,14.5,46.09000015,25.86000061,25.70000076,35.36000061,55.86000061,13.85000038,33.02999878,8.550000191,14.30000019,37.31999969,11.80000019,22.70000076,22.04999924,9.100000381,15.69999981,11.89999962,53.90000153,20.85000038,33.36000061,54.47999954,144.2799988,266.9100037,38.63999939,63.75,4.460000038,10.59000015,25.47999954,2.420000076,26.36000061,3.480000019,12.30000019
2017/8/17,157.8600006,4.550000191,14.02000046,65.55000305,13.63000011,8.779999733,18.54999924,48.65000153,3.25,18.29999924,5.150000095,732.1500244,262.1799927,125.3000031,43.36000061,43.09999847,18.62000084,20.01000023,14.60000038,45.33000183,25.87999916,25.14999962,34.84999847,55.59999847,14.10000038,31.95000076,8.699999809,14.10000038,36.29999924,11.5,23.22999954,22,9,15.39999962,11.85000038,54.25,20.45000076,32.95000076,53.77000046,141.3300018,262.5,37.86999893,63.25,4.340000153,10.22000027,25.48999977,2.349999905,27.73999977,3.450000048,12
2017/8/18,157.5,4.599999905,14.28999996,65.97000122,13.69999981,8.770000458,18.5,49,3.299999952,18.64999962,5.230000019,740,261.8299866,123,42.88000107,42.25,18.85000038,20.13999939,14.5,45.56999969,25.47999954,25.20999908,34.77999878,55.45999908,14.05000019,31.56999969,8.800000191,13.85000038,36.18999863,10.89999962,23.14999962,21.85000038,9.050000191,14.89999962,11.55000019,54.90000153,20.70000076,32.66999817,53.34999847,141.2299957,263.019989,37.84999847,62.90000153,4.389999866,10.09000015,25.42000008,2.279999971,27.92000008,3.480000019,11.89999962
2017/8/21,157.2100067,4.849999905,14.51000023,67.87999725,13.47000027,8.649999619,18.54999924,49.15000153,3.25,18.29999924,5.289999962,742.5,263.7099915,123.8499985,41.81000137,42.84999847,18.51000023,20.27000046,14.44999981,45.02999878,25.45999908,25.19000053,34.24000168,55.45000076,14.55000019,31.45999908,9.25,13.85000038,35.95000076,10.85000038,23.45000076,21.79999924,8.600000381,15,11.44999981,54.90000153,20.85000038,32.75999832,53.04000092,141.0500031,262.4700012,38.09999847,61.79999924,4.28000021,9.869999886,25.51000023,2.329999924,27.73999977,3.539999962,11.44999981
2017/8/22,159.7799988,5.300000191,14.30000019,69.01999664,13.31999969,9.010000229,18.60000038,49.70000076,3.099999905,18.60000038,5.329999924,747.960022,264.5299988,126.25,42,42.65000153,18.88999939,20.62999916,14.30000019,45.65000153,25.39999962,25.62000084,34.81000137,55.22000122,15.30000019,32.00999832,9.100000381,14.19999981,36.36000061,11.14999962,23.59000015,21.64999962,8.949999809,15.85000038,11.44999981,56.20000076,20.95000076,33.15000153,53.66999817,143.1999969,263.6799927,38.43000031,61.25,4.340000153,10.10999966,25.36000061,2.480000019,26.18000031,3.50999999,11.64999962
2017/8/23,159.9799957,5.25,14.39000034,69.16000366,13.44999981,9.539999962,18.64999962,50.29999924,3.150000095,18.64999962,5.230000019,746.4299927,267.3800049,125.4499969,41.31000137,43.65000153,18.89999962,20.47999954,14.10000038,45.18999863,25.43000031,25.4489994,34.88999939,54.88000107,15.75,31.73999977,8.899999619,14.10000038,36.31999969,11.10000038,23.64999962,21.64999962,9,16.14999962,11.39999962,55.15000153,21.35000038,33.24000168,53.08000183,142.6900024,262.7900085,38.38000107,61,4.380000114,10.07999992,25.57999992,2.559999943,26.29999924,3.450000048,12.19999981
2017/8/24,159.2700043,5.349999905,14.22999954,69.01999664,13.5,9.989999771,18.79999924,50.04999924,3.200000048,18.25,5.130000114,736.6900024,268.0400085,125.0500031,41.04000092,44.70000076,18.82999992,20.53000069,14.05000019,45.63000107,25.37999916,25.46999931,34.88000107,55.22000122,15.94999981,31.80999947,8,14.30000019,36.40000153,11.75,23.30999947,21.54999924,8.699999809,15.35000038,11.5,53.25,21.60000038,33.22999954,52.97999954,142.2700043,257.6099854,38.54999924,61,4.480000019,10.19999981,25.61000061,2.5,25.55999947,3.529999971,13
2017/8/25,159.8600006,5.349999905,19.93000031,68.30000305,13.56000042,9.220000267,18.79999924,50.29999924,3.150000095,17.95000076,5.25,741.0200195,267.6799927,124.8499985,41.63000107,44.59999847,18.93000031,21.01000023,14.14999962,45.09999847,25.37000084,25.40999985,34.68000031,55.40999985,16.5,32.27000046,8.949999809,14.25,36.54000092,12,23.45999908,21.64999962,9.100000381,15.75,11.60000038,52.75,21.89999962,33.38999939,53.36000061,141.9700012,260.2399902,38.66999817,61.5,4.570000172,10.11999989,25.64999962,2.279999971,26.04000092,3.5,13.44999981
2017/8/28,161.4700012,5.199999809,20.27000046,68.01000214,13.44999981,9.569999695,18.85000038,50.20000076,3.099999905,17.5,5.360000134,746.9899902,266.2799988,125.3000031,41.36999893,44.84999847,18.39999962,21.01000023,13.89999962,42.95000076,25.39999962,25.51000023,34.81000137,55.59000015,16.5,32.45000076,8.850000381,14.19999981,36.31999969,11.85000038,23.62999916,21.64999962,9.199999809,16.35000038,11.55000019,52.54999924,21.45000076,33.47000122,53.61000061,142.4100037,252.8899994,38.58000183,61.20000076,4.53000021,10.10999966,25.60000038,2.549999952,24.54000092,3.559999943,12.94999981
2017/8/29,162.9100037,5.150000095,21.68000031,68.30000305,12.55000019,9.390000343,18.60000038,49.90000153,3.099999905,17.79999924,5.369999886,739.4299927,265.980011,126,40.38000107,45.59999847,18.47999954,21.10000038,13.89999962,43.25999832,25.45999908,25.63999939,35.20000076,55.81999969,17.25,32.47999954,8.850000381,14.05000019,35.90999985,11.94999981,23.39999962,21.75,9.199999809,16.75,11.44999981,53.04999924,21.39999962,33.5,54.06999969,142.9700012,252.4900055,38.40999985,61.04999924,4.489999771,10.10999966,25.64999962,2.470000029,24.29999924,3.539999962,13
2017/8/30,163.3500061,5.400000095,20.89999962,69.66000366,12.63000011,9.18999958,18.64999962,50.04999924,3.049999952,17.89999962,5.489999771,751.1400146,270.5,125.9000015,40.86999893,45.40000153,18.86000061,21.17000008,13.94999981,43.25,25.44000053,25.86000061,35.68999863,55.88999939,17.10000038,32.79999924,8.850000381,14.69999981,35.77000046,11.89999962,23.31999969,22,9.25,16.60000038,11.35000038,53.70000076,21.25,33.45000076,54.56999969,144.6499939,251.75,38.49000168,60.70000076,4.46999979,10.11999989,25.30999947,2.599999905,22.87800026,3.549999952,12.75
2017/8/31,164,5.449999809,20.94000053,70.68000031,12.39999962,9.680000305,18.54999924,50.40000153,3.099999905,17.39999962,5.389999866,758.7399902,272.2999878,129.8000031,41.43000031,46.59999847,19.29999924,21.40999985,14,41.83000183,25.45000076,26.31999969,36.13000107,56.27999878,17.35000038,33.47000122,9,14.30000019,35.91999817,12.30000019,23.20000076,22.29999924,9.100000381,17,11.35000038,54.29999924,21.5,33.91999817,55.15000153,146.1999969,252.4799957,38.56999969,60.95000076,4.5,10.03999996,25.36000061,2.690000057,20.97999954,3.609999895,12.44999981
2017/9/1,164.0500031,5.5,21.29000092,72.18000031,12.43999958,9.850000381,18.79999924,50.34999847,3.099999905,17.70000076,5.349999905,757.25,275.480011,131.6499939,41.31000137,46.70000076,19.75,21.5,14.05000019,41.56000137,25.43000031,26.29000092,36.34999847,56.47999954,17.35000038,34.40999985,9.149999619,14.60000038,36.00999832,12.75,23.12999916,21.95000076,9.100000381,16.60000038,11.5,53.34999847,21.60000038,33.95999908,55.25999832,146,248.3800049,38.81999969,61.40000153,4.550000191,10.27999973,25.34000015,2.75,20.47999954,3.579999924,12.75
2017/9/5,162.0800018,5.650000095,21.96999931,72.25,11.5,9.800000191,18.10000038,49.54999924,3,17.45000076,5.489999771,749.1699829,266.5700073,131.5,40.54000092,46.04999924,19.95000076,21.15999985,14.39999962,40.18000031,25.46999931,26.07999992,36.09000015,55.95999908,17.35000038,34.04000092,9,14.5,34.90999985,12.64999962,23.07999992,22.45000076,8.850000381,16.5,11.35000038,53.04999924,21.29999924,33.79999924,54.86000061,144.6900024,231.1900024,37.79000092,60.75,4.5,10.18000031,25.43000031,2.930000067,20.89999962,3.430000067,12.55000019
2017/9/6,161.9100037,5.5,21.45000076,72.55999756,11.77999973,9.859999657,18,49.54999924,2.900000095,17.25,5.5,754.4099731,267.8299866,131.1000061,39.41999817,45.04999924,20.29999924,21.20000076,13.85000038,40.84000015,25.5,25.95999908,36.75999832,55.56000137,17.54999924,33.59000015,9.25,14.30000019,35.06000137,12.55000019,23.11000061,22.20000076,8.600000381,16.64999962,11.35000038,52.29999924,21.39999962,33.99000168,54.90000153,145.1300049,227.3800049,37.72999954,61.04999924,4.5,10.17000008,25.40999985,2.75999999,20.81999969,3.450000048,13.14999962
2017/9/7,161.2599945,5.400000095,21.26000023,72.51000214,11.52999973,10.27000046,17.5,48.70000076,3,17.20000076,5.550000191,739.1199951,260.8399963,129.25,38.75,44.29999924,20.45999908,21.13999939,13.44999981,39.54999924,25.48999977,25.90999985,38.00999832,55.77000046,18.39999962,33.59999847,9.399999619,14,33.45999908,12.63000011,23.35000038,22.04999924,8.550000191,16.75,11.14999962,51.95000076,21.39999962,33.99000168,54.97000122,145.4700012,211.9400024,36.88000107,60.40000153,4.519999981,10.05000019,25.30999947,2.920000076,20.54000092,3.539999962,13.19999981
2017/9/8,158.6300049,5.449999809,21.87000084,72.55000305,11.72000027,10.97999954,17.14999962,49.79999924,3,17.20000076,5.590000153,744.0900269,261.75,127.5500031,39.06999969,44.40000153,20.20000076,21.17000008,13.35000038,39.70999908,25.45000076,26.04000092,37.79000092,55.59000015,18.64999962,33.59999847,9.350000381,13.69999981,34.72000122,12.35000038,23.29999924,22.60000038,8.550000191,16.5,11.19999981,52.04999924,21.29999924,34.09999847,55.31999969,144.2100067,222.4799957,37.22999954,60.45000076,4.46999979,9.979999542,25.31999969,2.920000076,20.78000069,3.519999981,16.29999924
2017/9/11,161.5,5.5,20.77000046,73.56999969,12.10999966,10.52999973,17.60000038,50.75,2.950000048,17.14999962,5.849999905,749.6500244,263.7799988,130.1999969,38.86999893,44.04999924,20.42000008,21.48999977,13.55000019,41.43000031,25.47999954,26.35000038,38.09000015,56.40000153,18.25,34.41999817,9.550000191,13.75,35.31000137,12.80000019,23.57999992,22.85000038,9,16.79999924,11.30000019,52.70000076,21.54999924,34.31999969,55.52000046,145.8699951,231.9600067,37.72000122,60.79999924,4.510000229,10.18999958,25.39999962,3.079999924,20.71999931,3.400000095,15.80000019
2017/9/12,160.8600006,5.400000095,20.71999931,73.86000061,12.39000034,9.970000267,18.89999962,51.34999847,3,17.20000076,5.75,742.4799805,267.9700012,131.9499969,40.15999985,45.29999924,19.95000076,22.10000038,13.80000019,41.08000183,25.51000023,26.31999969,38.18000031,56.75,17.10000038,35.77999878,9.699999809,13.75,35.99000168,13.39999962,23.5,22.79999924,9,17.14999962,11.35000038,52.34999847,21.45000076,35.36999893,55.88000107,146.2200012,233.25,38.45999908,61.65000153,4.590000153,10.36999989,25.44000053,3.039999962,20.54000092,3.400000095,16.10000038
2017/9/13,159.6499939,5.300000191,20.53000069,75.38999939,13,10.52999973,19.20000076,51.59999847,2.950000048,17.29999924,5.570000172,733.4000244,266.9700012,131.6000061,40.68999863,46.40000153,19.51000023,21.92000008,13.94999981,42.00999832,25.5,26.34000015,38.27000046,56.38000107,15.94999981,36.29999924,9.550000191,14,36.38999939,14.05000019,23.77000046,22.5,8.850000381,17.14999962,11.55000019,51.45000076,21.5,35.06000137,56.43000031,146.4199982,233.3200073,38.65999985,61.84999847,4.610000134,10.15999985,25.42000008,2.960000038,20.57999992,3.460000038,16.64999962
2017/9/14,158.2799988,5.199999809,20.54000092,76.40000153,13.01000023,10.80000019,18.85000038,51.15000153,2.950000048,17.29999924,5.480000019,731.1199951,265.3500061,129,40.22999954,46.34999847,19.39999962,21.35000038,13.89999962,41.45000076,25.55999947,26.36000061,38.31000137,55.95000076,16,35.79000092,9.550000191,13.39999962,36.04999924,13.25,23.90999985,22.79999924,8.600000381,17.95000076,11.44999981,51.40000153,21.5,35.72999954,56.18999863,145.5599976,229.2899933,38.43999863,62.29999924,4.559999943,9.930000305,25.46999931,2.910000086,21.12000084,3.440000057,16.35000038
2017/9/15,159.8800049,5.150000095,21.53000069,80.26000214,13.05000019,10.81999969,19.14999962,51.45000076,2.849999905,17.29999924,5.239999771,736.7399902,269.4200134,129.8500061,40.75,47.84999847,19.34000015,21.18000031,14.19999981,42.13999939,25.62999916,26.34000015,38.40000153,55.97999954,17.20000076,36.31999969,9.600000381,13.85000038,36.15000153,13.85000038,24.29000092,22.85000038,8.399999619,18.14999962,11.85000038,50.84999847,21.45000076,35.36000061,56.68999863,146.0599976,231.6600037,38.84999847,62.79999924,4.449999809,9.789999962,25.37000084,3.130000114,21.13999939,3.369999886,16.95000076
2017/9/18,158.6699982,5.150000095,21.12000084,80.26000214,12.97000027,11.28999996,19.14999962,52.15000153,2.700000048,17.35000038,5.289999962,739.1099854,267.519989,131.25,40.54999924,47.79999924,18.85000038,21.5,14,43.34000015,25.54999924,26.55999947,38.38999939,55.75999832,17.85000038,37.29000092,9.550000191,14.44999981,37.11999893,13.14999962,24.12000084,23,8.399999619,18.25,11.89999962,51.5,21.5,35.54999924,57.47999954,145.5500031,226.6699982,39.27999878,63.65000153,4.460000038,9.920000076,25.39999962,3.400000095,21.20000076,3.460000038,16.79999924
2017/9/19,158.7299957,5.099999905,21.29999924,82.19000244,12.89000034,11.52000046,19.14999962,52.20000076,2.730000019,17.10000038,5.480000019,729.1099854,264.8599854,133.5500031,40.70999908,48.09999847,18.96999931,20.60000038,14.05000019,43.04999924,25.60000038,26.61000061,38.59000015,55.84000015,19.25,37.97999954,9.550000191,14.64999962,37.25999832,13.14999962,24.23999977,23.14999962,8.5,18.95000076,11.75,52,21.25,35.45000076,57.41999817,145.8000031,225.8800049,39.47000122,63.5,4.53000021,9.789999962,25.44000053,3.640000105,21.50200081,3.390000105,16.75
2017/9/20,156.0700073,5.199999809,21.37000084,82.58999634,12.89999962,11.60000038,19.29999924,53.5,2.700000048,16.95000076,5.300000191,722.4799805,268.8800049,134.6999969,41.83000183,48.25,18.72999954,20.71999931,14.25,44.09999847,25.57999992,26.77000046,38.54000092,56.56999969,18.70000076,37.93999863,9.449999809,14.64999962,37.83000183,13.75,24.12000084,23.14999962,8.800000191,18.5,11.80000019,52.5,21.25,35.99000168,58.18999863,145.3500061,224.8200073,39.66999817,63.79999924,4.449999809,9.630000114,25.46999931,3.450000048,21.21999931,3.349999905,16.64999962
2017/9/21,153.3899994,5.199999809,21.31999969,82.23999786,12.96000004,11.47000027,19.60000038,53.75,2.799999952,16.89999962,5.269999981,713.0300293,270.269989,134.3999939,41.11000061,47.90000153,19.01000023,20.5,14.25,45.04999924,25.55999947,26.60000038,38.25,56.56999969,18.70000076,37.63000107,9.449999809,14.5,38.20999908,13.25,24.06999969,23.29999924,8.600000381,18,11.69999981,52.04999924,21.60000038,35.97000122,58.08000183,144.4600067,227.3000031,39.77000046,63.15000153,4.429999828,9.529999733,25.42000008,3.269999981,21.17000008,3.319999933,16.45000076
2017/9/22,151.8899994,5.25,21.37000084,82.94999695,13.27999973,11.31999969,19.75,54.20000076,2.799999952,17.35000038,5.21999979,721.9899902,273.2099915,136.5500031,41.52000046,48.15000153,19.11000061,20.60000038,14.30000019,44.43000031,25.62000084,26.57999992,38.29000092,57.40000153,16.95000076,38.09000015,9.75,14.60000038,38.56999969,13.64999962,24.14999962,23.25,8.75,17.45000076,11.80000019,53,22.14999962,35.95999908,58.5,144.3200073,226.2599945,39.90000153,63.34999847,4.519999981,9.56000042,25.46999931,3.460000038,21.5,3.359999895,16.45000076
2017/9/25,150.5500031,5.300000191,21.23999977,82.16999817,12.97999954,11.31999969,19.85000038,53.5,2.799999952,17.14999962,5.309999943,722.6900024,271.2099915,137.3999939,41.59999847,48.75,18.60000038,20.22999954,14.30000019,43.02999878,25.55999947,26.44000053,37.77999878,57.52999878,16.5,38.04000092,9.699999809,14.39999962,38.65000153,13.89999962,24.10000038,23.45000076,8.449999809,17.29999924,11.85000038,53,22.45000076,35.50999832,59.06000137,142.8000031,223.9400024,40.06000137,63.5,4.46999979,9.229999542,25.46999931,3.329999924,21.28000069,3.359999895,16.95000076
2017/9/26,153.1399994,5.25,20.22999954,85.70999908,13.02999973,11.28999996,20.20000076,54.09999847,2.900000095,17.39999962,5.269999981,720.2800293,271.75,137.75,41.34999847,48.95000076,18.27000046,20.44000053,14.64999962,44.5,25.5,26.29999924,37.84999847,57.52999878,16.39999962,37.88000107,10.05000019,14.30000019,39.06000137,14.10000038,24.15999985,23.79999924,8.449999809,17.14999962,11.89999962,52.95000076,22,35.29999924,59.56999969,143.1699982,220.2700043,40.18999863,64.05000305,4.46999979,9.140000343,25.39999962,3.220000029,21.86000061,3.359999895,16.70000076
2017/9/27,154.2299957,5.28000021,20.13999939,84.16999817,13.47999954,12.15999985,20.60000038,56.04999924,2.900000095,17.79999924,5.300000191,712.5,277.1000061,141.3000031,42.20000076,49.70000076,18.18000031,21.12999916,14.64999962,45.75999832,25.5,26.90999985,38.04999924,57.74000168,17.25,39.11999893,9.949999809,14.85000038,40.45999908,14.35000038,24.43000031,23.89999962,8.5,14.64999962,12,55.90000153,22,35.45000076,60.86000061,144.4600067,221.0800018,40.61999893,65.80000305,4.630000114,9.619999886,25.39999962,3.230000019,21.44000053,3.339999914,17.60000038
2017/9/28,153.2799988,5.300000191,20.82999992,84.09999847,13.69999981,12.25,20.60000038,56.75,2.950000048,17.89999962,5.380000114,711.5700073,279,139.6999969,41.93000031,50.04999924,18.29999924,21.32999992,14.55000019,45.49000168,25.59000015,26.98999977,37.72999954,58.04999924,18.20000076,38.83000183,9.850000381,15.30000019,40.86999893,13.89999962,24.5,24.10000038,8.600000381,15.05000019,12.10000038,54.65000153,22.20000076,35.59999847,60.84999847,144.4100037,222.8800049,41.38999939,66.34999847,4.559999943,9.449999809,25.42000008,3.220000029,21.37999916,3.420000076,17.60000038
2017/9/29,154.1199951,5.230000019,21.17000008,83.98999786,13.46000004,12.30000019,20.75,56.75,2.950000048,17.54999924,5.199999809,722.1199951,280.1700134,139.3500061,42.11999893,48.90000153,18.67000008,21.55999947,14.55000019,46.16999817,25.57999992,27.09000015,38.45999908,58.31999969,19.04999924,38.56000137,9.850000381,15.69999981,41.27999878,14.25,24.37000084,24.29999924,8.449999809,15.30000019,12.14999962,55.90000153,22.45000076,35.70000076,60.90000153,145.4499969,228.3899994,41.43999863,66.19999695,4.489999771,9.460000038,25.45999908,3.190000057,20.79999924,3.519999981,18.10000038
2017/10/2,153.8099976,5.25,21.55999947,84.97000122,13.97000027,12.44999981,21,58.15000153,3.049999952,17.79999924,5.119999886,720.789978,281.6600037,142.1999969,42.31999969,49.45000076,18.95000076,21.92000008,14.75,47.13999939,25.47999954,27.44000053,38.72999954,59.24000168,20.10000038,40.04999924,9.800000191,15.64999962,41.40999985,14.44999981,24.40999985,24.10000038,8.550000191,15.69999981,12.30000019,56.59999847,22.75,36.06999969,61.90999985,145.5800018,229.2799988,41.88999939,67.69999695,4.550000191,9.720000267,25.43000031,3.140000105,19.90200043,3.579999924,18.54999924
2017/10/3,154.4799957,5.179999828,21.69000053,85.18000031,14.11999989,12.31000042,20.70000076,58.09999847,2.950000048,18.85000038,5.210000038,731.9400024,283.6700134,142.3999939,42.29000092,50.90000153,18.96999931,22.48999977,14.55000019,47.06999969,25.46999931,27.55999947,38.70999908,59.11000061,19.29999924,40.33000183,9.899999619,15.44999981,40.49000168,14.43000031,24.40999985,24,8.449999809,15.39999962,12.19999981,56.84999847,23,36.13999939,61.86999893,145.8899994,229.3200073,41.97999954,68.25,4.639999866,9.68999958,25.39999962,3,20,3.5,19.20000076
2017/10/4,153.4799957,5.199999809,22.13999939,85.06999969,13.48999977,12.38000011,20.29999924,57.29999924,3,18.5,5.199999809,745.1099854,283.6000061,141.5,40.88999939,51.34999847,19.09000015,21.96999931,14.5,46.66999817,25.44000053,27.47999954,38.65999985,59.20999908,18.85000038,39.95000076,9.800000191,16.35000038,39.61000061,13.80000019,24.11000061,24.20000076,8.199999809,15.80000019,12.19999981,56.84999847,23.04999924,35.95999908,61.75,146.0299988,227.6999969,41.65000153,68.69999695,4.510000229,9.569999695,25.44000053,2.920000076,19.55999947,3.519999981,18.89999962
2017/10/5,155.3899994,5.380000114,23.80999947,84.41999817,13.84000015,12.43000031,20.70000076,57.45000076,2.950000048,18.25,5.239999771,741.1199951,285.5499878,142.6000061,41.34999847,51.34999847,18.96999931,22.05999947,14.75,47.45000076,25.47999954,27.54100037,38.99000168,59.18999863,18.89999962,39.50999832,10.05000019,16.29999924,40,14.14999962,24.10000038,23.89999962,8.149999619,15.44999981,12.35000038,55.79999924,23.04999924,36,61.5,147.4600067,226.75,42.15000153,67.65000153,4.559999943,9.510000229,25.31999969,3.289999962,19.44000053,3.349999905,18.79999924
2017/10/6,155.3000031,5.28000021,23.11000061,84.66999817,13.81000042,12.31999969,20.75,57.5,3,18.20000076,5.300000191,744.0300293,286.9599915,142.1999969,41.33000183,50.84999847,18.35000038,21.62000084,14.89999962,46.77999878,25.42000008,27.59000015,38.81000137,59.25999832,18.54999924,39.75999832,10.05000019,16.14999962,40.22999954,14.44999981,23.81999969,24.04999924,8.149999619,14.89999962,12.39999962,56.70000076,23.39999962,36.04999924,61.56999969,147.6600037,225.0099945,42.38000107,67.15000153,4.559999943,9.529999733,25.06999969,3.230000019,19.55999947,3.430000067,18.35000038
2017/10/9,155.8399963,5.25,22.13999939,83.93000031,13.72000027,12.30000019,20.54999924,57.15000153,2.950000048,17.95000076,5.269999981,740.2800293,279.1199951,142.6499939,41.86000061,48.40000153,18.5,21.39999962,14.69999981,45.61000061,25.42000008,27.59000015,38.99000168,59.40000153,18,39.70000076,9.699999809,16.14999962,39.97999954,13.80000019,23.90999985,24.20000076,8.25,15,12.25,56.70000076,23.35000038,36.13999939,61.58000183,147.4900055,226.0200043,42.33000183,67.09999847,4.46999979,9.550000191,25.23999977,3.140000105,19.72200012,3.400000095,17.95000076
2017/10/10,155.8999939,5.130000114,21.69000053,84.20999908,13.73999977,12.30000019,20.60000038,58.20000076,2.900000095,18.25,5.349999905,749.1099854,282.9200134,143.3000031,42.41999817,49.90000153,18.68000031,21.42000008,14.80000019,45.24000168,25.40999985,27.73999977,38.84000015,59.63000107,17.95000076,39.97999954,9.949999809,16.04999924,40.83000183,13.69999981,24.18000031,24.10000038,8.100000381,15,12.30000019,58.70000076,23.64999962,36.40000153,61.68999863,147.6000061,224.7700043,42.70000076,67.25,4.429999828,9.479999542,25.20000076,3.559999943,19.63999939,3.50999999,18.75
2017/10/11,156.5500031,5.199999809,20.73999977,84.48999786,13.60000038,12.28999996,20.64999962,58.20000076,2.950000048,18.20000076,5.289999962,758.3099976,283.7099915,142.1499939,42.25999832,49.79999924,18.72999954,21.32999992,14.75,44.81000137,25.48999977,27.73999977,38.31000137,60.04000092,17.95000076,40.15999985,9.949999809,15.89999962,40.45999908,13.5,24.28000069,23.54999924,8.050000191,15.10000038,12,58.25,23.5,36.45000076,61.54000092,148.0399933,222.5099945,42.84999847,67.94999695,4.440000057,9.430000305,25.29999924,3.559999943,19.79999924,3.569999933,18.25
2017/10/12,156,5.099999905,19.84000015,84.25,13.57999992,12.43999958,20.5,57.70000076,2.930000067,18.39999962,5.230000019,751.2199707,281.2999878,142.3000031,42.04000092,49.90000153,18.89999962,21.5,14.44999981,44.70000076,25.5,27.85000038,38.09000015,60.40999985,17.70000076,40.59999847,9.800000191,15.39999962,40.34000015,13.10000038,24.29000092,23.70000076,8.350000381,15.25,11.80000019,59.95000076,23.64999962,36.34999847,61.83000183,147.7700043,226.8099976,42.77999878,68.69999695,4.449999809,9.649999619,25.31999969,3.519999981,20.13999939,4.03000021,17.45000076
2017/10/13,156.9900055,4.800000191,19.02000046,83.77999878,13.56999969,12.35999966,20.35000038,57.65000153,2.900000095,18.79999924,5.269999981,758.3599854,282.9500122,143.5,42.18999863,50,19.62000084,21.67000008,12.75,43.65000153,25.51000023,27.77400017,38.34999847,60.68000031,17.5,41.45000076,9.600000381,15.30000019,40.43000031,13.19999981,24.18000031,23.89999962,8.350000381,15.10000038,11.60000038,58.20000076,23.75,36.34000015,61.56999969,148.3399963,240.5099945,42.59000015,69.15000153,4.550000191,9.489999771,25.37000084,3.5,20.18000031,4.139999866,17.14999962
2017/10/16,159.8800049,4.75,18.97999954,85.06999969,13.55000019,12.06999969,20.60000038,58.25,2.880000114,19,5.190000057,758.6900024,282.7000122,142.5,42.20000076,49.5,19.46999931,21.56999969,12.39999962,44.58000183,25.51000023,27.80999947,37.77000046,60.79000092,17.70000076,42.16999817,9.5,15.39999962,40.93999863,13.19999981,24.45999908,23.54999924,8.5,15.14999962,11.44999981,58.93000031,23.70000076,35.97999954,61.63000107,148.8500061,238.1199951,42.72000122,69.80000305,4.650000095,9.399999619,25.38999939,3.690000057,20.18000031,3.940000057,16.95000076
2017/10/17,160.4700012,4.949999809,19.02000046,85.16000366,13.60999966,11.69999981,20.39999962,57.15000153,2.849999905,18.5,5.130000114,735.3099976,278.4100037,141.4499969,43.22000122,49.88000107,19.36000061,21.51000023,12.85000038,45.54000092,25.51000023,27.68000031,37.49000168,60.75,17.60000038,41.75999832,9.600000381,15.05000019,40.36000061,13.19999981,24.37999916,24,8.350000381,15.10000038,11.5,59.20000076,23.04999924,36.20000076,61.18999863,149.0399933,236.3999939,42.29000092,69.05000305,4.809999943,9.31000042,25.38999939,3.390000105,19.92000008,3.609999895,17
2017/10/18,159.7599945,5.050000191,19.23999977,85.44999695,13.90999985,11.71000004,20.54999924,57.79999924,2.849999905,18.64999962,5.159999847,731.3099976,282.2999878,141.5500031,43,49.75,19.35000038,21.67000008,12.89999962,46.04000092,25.56999969,27.76000023,37.97000122,60.77000046,17.39999962,42.5,9.5,15.25,40.99000168,13.44999981,24.70000076,24.14999962,8.399999619,15.35000038,11.64999962,58.70000076,23.25,35.83000183,61.43000031,148.8600006,235,42.33000183,69.55000305,4.809999943,9.399999619,25.31999969,3.50999999,20.31999969,3.74000001,17.39999962
2017/10/19,155.9799957,5.25,19.42000008,84.98000336,14.06999969,11.34000015,20.35000038,59.34999847,2.799999952,18.35000038,5.090000153,732.539978,282.5499878,141.6000061,43.72000122,50,19.5,21.45999908,12.75,45.24000168,25.54999924,27.63999939,37.29000092,60.90000153,17.04999924,42.22999954,9.300000191,15.19999981,41.43000031,13.44999981,24.73999977,24.39999962,8.050000191,15.44999981,11.69999981,57.79999924,23.29999924,36.24000168,61.18999863,148.3099976,237.25,42.24000168,69.40000153,4.829999924,9.329999924,25.37999916,3.589999914,20.5,3.700000048,17.5
2017/10/20,156.25,5.349999905,19.26000023,85.09999847,14.02000046,11.07999992,20.45000076,56.40000153,2.950000048,18,5.170000076,744.4899902,284,143.1499939,43.95999908,49.65000153,19.35000038,21.67000008,12.44999981,46.11000061,25.71999931,28,37.61000061,61.20000076,17.04999924,42.58000183,9.449999809,15.5,41.59000015,14.10000038,25.21999931,24.25,8.149999619,15.35000038,11.80000019,58.95000076,23.39999962,36.41999817,61.70999908,148.7100067,236.6699982,41.99000168,69.55000305,4.789999962,9.430000305,25.35000038,3.420000076,21,3.690000057,17.64999962
2017/10/23,156.1699982,5.650000095,18.30999947,85,13.80000019,10.73999977,20.5,55.54999924,3,18.29999924,5.090000153,743.5700073,285.1400146,143.0500031,43.08000183,49.29999924,20.46999931,21.39999962,12.60000038,45.88999939,25.65999985,27.89100075,36.83000183,60.77999878,16.5,41.91999817,9.300000191,15.35000038,40.68000031,13.80000019,24.70999908,24.10000038,7.949999809,15.22500038,11.69999981,58.70000076,23.60000038,36.40000153,61.22999954,147.7400055,235.8500061,41,69.80000305,4.630000114,9.539999962,25.45000076,3.450000048,21.84000015,3.529999971,17.64999962
2017/10/24,157.1000061,5.400000095,18.12999916,85.93000031,12.72000027,10.44999981,20.5,56.29999924,2.950000048,18.45000076,5.050000191,736.5900269,284.8999939,143.3000031,43.77000046,49.95000076,21.11000061,21.44000053,13.13000011,46.43999863,25.65999985,28.04000092,36.74000168,60.56000137,16.10000038,42.34999847,9.350000381,15.30000019,41.41999817,13.85000038,24.72999954,24.35000038,8.050000191,15.19999981,11.69999981,58.25,23.79999924,36.27000046,62.09999847,147.9900055,234.2799988,41.09999847,70.65000153,4.559999943,9.569999695,25.45000076,3.190000057,22.37999916,3.519999981,17.89999962
2017/10/25,156.4100037,5.449999809,19.85000038,83.63999939,12.48999977,10.26000023,20.5,55.5,3,18.14999962,5.059999943,731.5999756,286.1499939,144.5500031,43.50999832,50.95000076,20.95000076,21.54999924,13.25,46.36000061,25.62999916,27.69000053,36.68000031,60.58000183,16.04999924,42.06000137,9.25,15.25,41.38000107,13.64999962,24.17000008,23.70000076,7.949999809,15.25,11.39999962,58.29999924,23.64999962,36.15999985,61.25999832,147.4299927,232.9400024,40.84000015,70.25,4.539999962,9.420000076,25.29000092,3.170000076,23.04000092,3.539999962,18.04999924
2017/10/26,157.4100037,5.400000095,18.65999985,83.62999725,12.48999977,10.47000027,21.29999924,56.04999924,2.950000048,17.79999924,5.170000076,699.4899902,294.5599976,144.8000031,44.18000031,51.5,20.95000076,21.70999908,13.80000019,47.63999939,25.62999916,27.76399994,36.90000153,62.59999847,16.04999924,42.25,9.350000381,15.5,42.15000153,14.05000019,24.18000031,24.20000076,8.050000191,15.35000038,11.60000038,52.18000031,23.75,35.74000168,62.18000031,146.9600067,234.9499969,41.11999893,70.5,4.5,9.270000458,25.47999954,3,24.65999985,3.450000048,18.5
2017/10/27,163.0500031,5.400000095,19.51000023,84.19999695,12.73999977,10.90999985,21.70000076,56.70000076,2.950000048,17.45000076,5.059999943,706.7700195,299,144.6499939,44.90000153,52.70000076,21,21.19000053,14.14999962,46.93000031,25.73999977,28.09199905,36.79999924,62.43999863,16.64999962,41.38999939,9.75,15.39999962,42.27999878,13.39999962,24.45000076,23.20000076,9,15.10000038,11.69999981,53.84999847,23.70000076,35.59999847,62.11999893,151.2400055,236.9499969,41.43000031,70.09999847,4.539999962,9.279999733,25.44000053,2.980000019,24.18000031,3.5,17.95000076
2017/10/30,166.7200012,5.199999809,23.61000061,83.5,12.64999962,10.65999985,21.14999962,54.59999847,2.849999905,17.45000076,5.059999943,720.1599731,296.019989,143.25,45.04999924,52.40000153,21.22999954,21.20999908,14.05000019,46.61999893,25.71999931,27.87999916,37,60.95999908,16.79999924,40.68000031,9.350000381,15.35000038,40.90000153,12.94999981,23.93000031,23.20000076,8.300000191,15.25,11.60000038,50.29999924,23.54999924,35.15000153,61.08000183,151.5800018,239.1199951,39.95999908,69.05000305,4.480000019,9.31000042,25.37000084,2.829999924,24.16200066,3.49000001,17.39999962
2017/10/31,169.0399933,5.199999809,24.65999985,84.36000061,12.56000042,10.44999981,21.04999924,54.65000153,2.880000114,18.25,5.050000191,709.8099976,286.730011,143.75,44.74000168,53.90000153,21.68000031,21.5,13.89999962,47.18000031,25.73999977,28.35000038,37.63999939,62.41999817,16.70000076,41.22999954,9.399999619,15.56999969,40.59000015,12.80000019,24.05999947,23.04999924,8.399999619,15.55000019,11.5,49.95000076,23.64999962,35.06000137,62.36999893,152.1499939,237.4499969,40.40999985,69.34999847,4.489999771,9.279999733,25.29000092,2.819999933,24.65999985,3.559999943,17.64999962
2017/11/1,166.8899994,5.050000191,26.62000084,84.93000031,12.53999996,10.47000027,20.70000076,54.33000183,2.900000095,17.64999962,5.070000172,715.460022,283.0799866,142.1499939,45,53.54999924,22.19000053,21.12000084,13.5,46.65000153,25.77000046,27.92000008,37.54000092,61.75999832,16.14999962,39.27000046,9.300000191,15.69999981,40.84000015,12.85000038,24.18000031,23.20000076,8.100000381,15.55000019,11.35000038,48.79999924,23.60000038,35.25999832,61.77000046,152.1000061,234.7899933,40.16999817,68.44999695,4.46999979,9.170000076,25.38999939,2.869999886,25.12000084,3.650000095,17.35000038
2017/11/2,168.1100006,5.199999809,26.27000046,81.08000183,12.46000004,10.84000015,21.14999962,55.65000153,2.900000095,17.75,5.099999905,690.5900269,280.8500061,133.4499969,42.18000031,47,22.75,19.36000061,14.10000038,46.56999969,25.79000092,28.07999992,37.40000153,62.34999847,14.55000019,41.00999832,9.600000381,15.39999962,41.79999924,12.94999981,23.30999947,23.39999962,8.399999619,15.55000019,11.25,49.75,23.20000076,35.45999908,62.52000046,151.8099976,227.4400024,40.65000153,64.05000305,4.539999962,8.699999809,25.40999985,2.799999952,25.25600052,3.519999981,17.70000076
2017/11/3,172.5,5.199999809,28,78.69999695,12.55000019,11.13000011,20.85000038,54.70000076,2.930000067,17.5,5.150000095,693.8499756,280.7900085,130,43.45999908,42.59999847,22.79999924,19.38999939,13.85000038,47.27000046,25.79999924,28.31299973,37.5,62.29000092,14.19999981,41.52000046,9.5,15.35000038,40.79000092,13.14999962,24.02000046,23.35000038,8.199999809,15.64999962,9.800000191,50,23.75,35.54999924,61.93999863,153.2700043,227.8399963,40.31000137,64.65000153,4.5,8.680000305,25.39999962,2.50999999,24,3.640000105,17.85000038
2017/11/6,174.25,5.150000095,27.45000076,78.63999939,12.53999996,11.21000004,20.54999924,54.54999924,2.930000067,17.35000038,5.159999847,701.3699951,284.730011,128.1000061,43.59999847,44.75,22.79999924,18.54000092,13.94999981,45.95999908,25.80999947,28.38999939,37.36999893,62.56000137,14.25,41.77999878,9.550000191,14.69999981,40.59000015,13,23.65999985,23.04999924,8.25,15.39999962,9.725000381,48.95000076,23.89999962,35.31999969,62.09999847,153.7899933,228.4600067,40.09999847,66.15000153,4.489999771,8.880000114,25.44000053,2.640000105,24.28000069,3.589999914,17.70000076
2017/11/7,174.8099976,4.900000095,27,78.08999634,11.89000034,11.46000004,19.79999924,52.45000076,2.930000067,17.14999962,5.230000019,691.7800293,284.1499939,129.8000031,42.77000046,46.04999924,23.02000046,18.45000076,13.5,46.56999969,25.77000046,28.15999985,37.40999985,62.31999969,13.89999962,42.15000153,9.199999809,15.10000038,39.29000092,12.75,23.51000023,23.04999924,7.949999809,15.14999962,9.649999619,47.95000076,24.25,35.36000061,61.29999924,153.8800049,227.0299988,39.34999847,66.94999695,4.539999962,8.640000343,25.43000031,2.799999952,24.65999985,3.650000095,17.5
2017/11/8,176.2400055,4.800000191,27.21999931,77.41999817,12.26000023,11.17000008,19.79999924,51.95000076,2.799999952,17.70000076,5.110000134,683.1699829,286.7999878,129.1000061,43.86000061,46.25,22.94000053,18.45000076,13.44999981,46.04000092,25.78000069,28.23399925,37.00999832,62.36999893,13.64999962,42.70999908,9.300000191,15,39.20000076,13.38000011,23.54999924,22.85000038,8.199999809,16.25,9.800000191,47.34999847,23.54999924,35.34000015,61.31000137,154.5,228.3600006,38.90000153,66.94999695,4.489999771,8.630000114,25.56999969,2.890000105,24.86000061,3.720000029,17.10000038
2017/11/9,175.8800049,4.699999809,27.36000061,76.94999695,10.89999962,10.81999969,19.64999962,51.5,2.799999952,19.14999962,5.110000134,693,283.1499939,126.3000031,44.31000137,45.79999924,22.62000084,18.56999969,13.30000019,45.47000122,25.77000046,27.89999962,35.68999863,61.63000107,13.60000038,41.45999908,9.149999619,15.35000038,38.36999893,13.89999962,23.82999992,22.89999962,7.900000095,15.80000019,10,47.5,23.25,35.20000076,60.70000076,153.6900024,230.7899933,38.40999985,65.19999695,4.510000229,8.420000076,25.35000038,2.450000048,25.37999916,3.690000057,18.14999962
2017/11/10,174.6699982,4.75,27.75,77.41999817,10.30000019,11,19.70000076,51.40000153,2.650000095,19.70000076,5.119999886,683.9799805,283.3500061,124.8000031,44.31000137,45.5,21.47999954,18.63999939,13.14999962,46.59999847,25.70999908,27.99200058,35.97000122,61.29999924,14.25,41.43999863,9.199999809,15.39999962,38.27999878,14,23.52000046,23.14999962,7.800000191,15.69999981,10.10000038,46.84999847,23.35000038,35.18000031,60.70999908,153.6799927,231.1399994,38.22999954,63.45000076,4.489999771,8.550000191,25.45000076,2.380000114,25.07999992,3.690000057,18.89999962
2017/11/13,173.9700012,4.550000191,28.79000092,76.22000122,9.489999771,10.60999966,19.79999924,52.29999924,2.599999905,19.54999924,5.110000134,670.3599854,283.6000061,124.9000015,44.29000092,44.95000076,21.57999992,18.95000076,13.39999962,46.38999939,25.72999954,27.95499992,35.84999847,61.49000168,13.64999962,41.16999817,8.899999619,15.10000038,38.95999908,13.69999981,23.59000015,23.14999962,7.900000095,15,10.10000038,47.70000076,23.14999962,35.29999924,60.56000137,153.8699951,228.5500031,38.52000046,61.25,4.460000038,8.649999619,25.42000008,2.349999905,25.71999931,3.650000095,18.39999962
2017/11/14,171.3399963,4.650000095,26.31999969,75.02999878,9.06000042,10.43999958,20.04999924,52.5,2.420000076,19.54999924,5.119999886,670,285.0599976,123.4499969,44.90000153,45.84999847,20.79000092,19.65999985,13.64999962,46.09999847,25.72999954,27.85099983,35.22000122,60.95999908,12.80000019,41.29999924,9.25,15.10000038,39.34000015,13.69999981,23.55999947,23.14999962,7.949999809,15.60000038,10.25,48.54999924,23.20000076,35.38000107,60.63000107,153.3099976,226.1300049,38.54999924,60.84999847,4.329999924,8.470000267,25.45999908,2.25,26.78000069,3.654999971,17.70000076
2017/11/15,169.0800018,4.300000191,26.70999908,74.26999664,9.350000381,11.15999985,20.29999924,53.40000153,2.200000048,19.35000038,5.099999905,667.2299805,284.5899963,122.9000015,45.06000137,45.84999847,20.13999939,19.72999954,13.39999962,46.31000137,25.76000023,27.77000046,35.29999924,60.66999817,12.75,40.97999954,8.949999809,14.89999962,39.31000137,14.05000019,23.44000053,23.35000038,7.75,15.55000019,10.19999981,47.5,23.20000076,35.36000061,60.04999924,152.5899963,229.2700043,38.93000031,60.70000076,4.190000057,8.670000076,25.44000053,2.799999952,26.47999954,3.710000038,17.89999962
2017/11/16,171.1000061,4.150000095,27.69000053,74.44000244,9.109999657,11.18000031,20.54999924,53.5,2.25,19.54999924,5.079999924,670.4299927,286.1199951,125.6999969,44.91999817,46.40000153,21.95999908,19.80999947,13.5,46.33000183,25.75,28.20999908,35.61999893,61.56000137,12.89999962,41.75999832,9.449999809,15.35000038,39.65000153,14.85000038,23.75,23.39999962,7.800000191,16.85000038,10.25,47.84999847,23.29999924,35.56000137,61.27999878,154.5399933,225.4700012,39.25999832,62.40000153,4.059999943,8.770000458,25.37999916,2.869999886,25.31999969,3.700000048,18.29999924
2017/11/17,170.1499939,4.199999809,28.40999985,76.19000244,9.050000191,11.52000046,20.54999924,53.79999924,2.25,19.70000076,5.090000153,667.1799927,286.0100098,125.1999969,45.43999863,46.95000076,21.38999939,20.01000023,13.75,44.61999893,25.79999924,28.15999985,35.58000183,61.5,12.64999962,42.02999878,9.5,15.69999981,39.95000076,17.10000038,23.72999954,23.45000076,7.599999905,16.79999924,10.22500038,48.95000076,23.29999924,35.36999893,61.33000183,153.9499969,226.3200073,39,62.25,4.21999979,8.789999962,25.52000046,2.720000029,25.23999977,3.769999981,18.89999962
2017/11/20,169.9799957,4.199999809,29.95999908,78.06999969,9.25,11.27999973,20.79999924,54.79999924,2.25,19.60000038,5.119999886,671.8499756,289.3999939,126.9000015,45.97999954,48.5,20.89999962,19.95999908,13.80000019,46.36999893,25.89999962,28.32999992,35.52999878,61.27000046,12.80000019,41.93000031,9.5,15.89999962,40.16999817,19.45000076,23.79999924,23.29999924,7.550000191,16.39999962,10.19999981,48.70000076,23.29999924,35.34999847,61.56000137,153.8300018,223.8399963,38.93999863,62.70000076,4.170000076,8.93999958,25.52000046,2.569999933,25.88400078,3.730000019,19.35000038
2017/11/21,173.1399994,4.050000191,31,77.86000061,9.350000381,11.21000004,20.95000076,54.90000153,2.299999952,19.54999924,5.119999886,674.1599731,290.8999939,131,45.20999908,46.45000076,21.06999969,20.03000069,13.80000019,46.06999969,25.42000008,28.72699928,35.95999908,61.75999832,12.85000038,41.95999908,9.5,16.10000038,40.50999832,18.60000038,24.19000053,23.25,7.28000021,15.85000038,10.10000038,48.5,23.60000038,35.54000092,63,155.5,222.25,38.97999954,62.79999924,4.179999828,9.090000153,25.5,2.539999962,25.36199951,3.720000029,19.35000038
2017/11/22,174.9600067,4.050000191,33.59000015,77.65000153,9.220000267,11.32999992,21,54.54999924,2.349999905,19.39999962,5.090000153,667.7800293,286.6799927,127.9000015,44.91999817,45.79999924,21.95999908,20.22999954,13.69999981,44.77999878,25.53000069,28.67200089,35.93999863,61.38999939,12.69999981,42.47000122,9.649999619,16.04999924,40.49000168,19.14999962,24.20000076,23.35000038,7.400000095,16,10.14999962,48.75,23.95000076,35.43000031,62.70000076,155.6900024,219.2400055,38.81000137,62.79999924,4.170000076,9.06000042,25.56999969,2.609999895,24.87999916,3.650000095,18.60000038
2017/11/24,174.9700012,4.199999809,33.68000031,77.86000061,8.859999657,11.47999954,20.95000076,54.15000153,2.349999905,19.45000076,5.070000172,665.1400146,288.4599915,128.0500031,44.83000183,47.04999924,22.03000069,20.20000076,13.75,45.20000076,25.54999924,28.68499947,35.84000015,60.97000122,11.89999962,41.99000168,9.550000191,16.04999924,39.93000031,17.89999962,24.12999916,23,7.25,15.80000019,10.10000038,48.54999924,24.39999962,35.49000168,62.59999847,156.2599945,217.6699982,38.56999969,62.70000076,4.239999771,9.130000114,25.53000069,2.529999971,24.80200005,3.660000086,19.04999924
2017/11/27,174.0899963,4,33.08000183,77.65000153,9.369999886,11.47000027,21.04999924,54.79999924,2.450000048,19.60000038,5,663.5999756,283.6799927,128,45.22999954,46.84999847,21.88999939,20.06999969,13.69999981,44.52000046,25.54999924,28.60000038,35.99000168,60.66999817,12,42.47000122,9.649999619,16.20000076,39.75999832,18.07999992,23.94000053,23.5,7.300000191,15.5,9.949999809,47.75,24.04999924,35.49000168,62.77000046,156.1900024,223.0700073,38.40999985,62.95000076,4.199999809,9.079999924,25.40999985,2.420000076,25.29999924,3.50999999,19.20000076
2017/11/28,173.0700073,3.799999952,33.83000183,79.66000366,9.489999771,11.40999985,22,56.79999924,2.5,19.60000038,5.010000229,683.3699951,286.6499939,129.8500061,47.18000031,47.20000076,21.62000084,20.31999969,14.14999962,44.65000153,25.55999947,28.8939991,35.5,61.52999878,12.05000019,43.29000092,10.05000019,15.94999981,41.36999893,19.29999924,23.95999908,23.5,7.25,16.04999924,10.19999981,49.5,24,35.84999847,63.79999924,156.5899963,225.0099945,39.13999939,65.34999847,4.170000076,9.289999962,25.39999962,2.339999914,25.10000038,3.680000067,20.10000038
2017/11/29,169.4799957,3.5,35.11999893,79.08000183,9.739999771,10.88000011,23.04999924,57.90000153,2.599999905,19.79999924,5,688.7399902,304.2200012,129.8500061,49.13999939,46.90000153,21.39999962,20.29999924,14.94999981,45.52999878,25.5,28.4489994,34.38000107,61.11000061,11.55000019,43.75999832,10.5,15.35000038,42.54000092,19.79999924,23.92000008,23.45000076,7.300000191,16.54999924,10.55000019,49.20000076,24.60000038,36.20999908,64.30000305,153.8600006,222.7400055,39.97000122,65.80000305,4.139999866,9.289999962,25.37999916,2.359999895,25.37999916,3.75999999,20.85000038
2017/11/30,171.8500061,3.799999952,37.15000153,78.26000214,9.640000343,11.25,22.54999924,56.79999924,2.549999952,19.45000076,5.019999981,686.8099976,302.8999939,131.9499969,49.04000092,46.84999847,21.80999947,20.39999962,14.55000019,46.65999985,25.47999954,28.70800018,34.66999817,61.38000107,12,44.77000046,10.25,14.39999962,41.31999969,19.95000076,23.77000046,23.54999924,7.449999809,17.79999924,10.55000019,50.75,24.45000076,36.25999832,64.91000366,155.1499939,219.6000061,39.38999939,65.80000305,3.839999914,9.369999886,24.93000031,2.299999952,24.07999992,3.910000086,21.79999924
2017/12/1,171.0500031,4.050000191,35.93000031,78.40000153,9.779999733,11.14999962,22.29999924,56.54999924,2.75,19.60000038,5.090000153,694.8200073,304.269989,131,48.02999878,46.84999847,21.75,20.18000031,14.75,46,25.5,28.41799927,35.20000076,60.70000076,12.60000038,45.15000153,10.25,14.5,41.06999969,18.75,23.92000008,23.5,7.400000095,17.29999924,10.35000038,49.25,24.25,36.34999847,64.44999695,154.4900055,218.0599976,39.33000183,64.69999695,4.260000229,9.180000305,25.04000092,2.160000086,23.99399948,3.950000048,19.95000076
2017/12/4,169.8000031,4,34.36999893,78.09999847,10.10999966,10.77999973,22.54999924,57.04999924,2.650000095,19.64999962,4.96999979,701.4500122,305.8800049,131.25,49.56000137,45.40000153,21.35000038,20.65999985,15.14999962,46.47999954,25.62999916,27.92000008,35.70000076,60.58000183,12.69999981,45.25999832,10.64999962,14.69999981,41.49000168,19.85000038,23.38999939,23.54999924,7.150000095,16.75,10.69999981,51.45000076,23.95000076,36.06000137,64.62999725,152.7100067,213.5599976,40.24000168,64.34999847,4.489999771,8.930000305,25.06999969,2.109999895,24.93000031,3.869999886,21.35000038
2017/12/5,169.6399994,4.75,34.31000137,78.93000031,10.05000019,10.77999973,22,55.54999924,2.680000067,19.54999924,4.949999809,687.2000122,309.0700073,131.3999939,49.61000061,44.70000076,20.70000076,20.59000015,14.89999962,47.54000092,25.75,27.76000023,36.81000137,60.31000137,12.35000038,44.54000092,10.60000038,14.85000038,40.81999969,19.89999962,23.38999939,23.70000076,6.949999809,16.39999962,10.69999981,50.79999924,23.10000038,35.63000107,64.19999695,152.8099976,212.1499939,39.36000061,64.25,4.190000057,8.890000343,25.06999969,2.079999924,25.54000092,3.849999905,20.64999962
2017/12/6,169.0099945,4.699999809,34.52999878,78.26000214,10.02000046,10.57999992,21.54999924,54.90000153,2.730000019,18.89999962,4.909999847,678.3800049,308.7799988,130.3500061,48.25999832,44.15000153,20.77000046,20.15999985,14.44999981,47.81000137,25.78000069,27.83099937,36.83000183,60.66999817,12.69999981,44.95999908,10.64999962,14.80000019,40.84000015,19.89999962,23.37999916,23.75,6.849999905,16.14999962,10.44999981,52.34999847,22.45000076,35.56000137,64.02999878,153.5,211.0599976,39.00999832,65.09999847,4.019999981,8.729999542,25.05999947,1.980000019,26.07999992,3.799999952,21.04999924
2017/12/7,169.3200073,4.650000095,35.75999832,79.13999939,10.23999977,10.80000019,21.75,54.90000153,2.75,18.60000038,4.920000076,674.0100098,314.1199951,131.6999969,48,45.68000031,20.81999969,20.12999916,14.60000038,49.77999878,25.79000092,28.20000076,36.84999847,61.06999969,13,45.40999985,10.64999962,15.14999962,40.65000153,19.35000038,23.19000053,23.64999962,6.800000191,16,10.44999981,52,22.75,35.5,64.30000305,154.0200043,210.3600006,39.38000107,64.65000153,3.880000114,8.81000042,25.05999947,2.049999952,24.84000015,3.849999905,21.14999962
2017/12/8,169.3699951,4.599999905,36.54999924,78.87999725,10.07999992,11.25,21.14999962,53.90000153,2.799999952,18.29999924,4.909999847,676.8400269,319.2799988,133.5,48.49000168,45.34999847,21.38999939,19.98999977,14.80000019,49.72000122,25.82999992,28.21299934,37.65000153,61.20999908,13.25,45.90000153,10.69999981,14.64999962,40.13999939,20.14999962,23.12999916,23.64999962,6.849999905,15.94999981,10.60000038,51.79999924,22.60000038,35.74000168,64.06999969,154.6999969,212.2799988,39.38000107,63.15000153,3.940000057,8.819999695,25.11000061,1.950000048,23.20000076,3.934999943,21.20000076
2017/12/11,172.6699982,4.400000095,35.47000122,79.69000244,10.40999985,11.06999969,20.95000076,53.54999924,2.799999952,18.5,4.949999809,688.0700073,322.2799988,132.3000031,48.41999817,46.09999847,20.94000053,20,15.05000019,50.38999939,25.70999908,28.11100006,37.52000046,60.63999939,12.85000038,45.99000168,10.75,14.60000038,39.74000168,20.20000076,23.23999977,23.64999962,6.800000191,15.75,10.39999962,50.75,22.60000038,36.20999908,63.61999893,155.8999939,217.4700012,39.45000076,62.45000076,3.950000048,8.869999886,25.11000061,5.53000021,23.28000069,3.880000114,20.95000076
2017/12/12,171.6999969,4.25,35.08000183,80.37999725,10.27000046,10.81999969,21.10000038,53.95000076,2.829999924,18.39999962,4.920000076,695.1699829,326.25,132.3000031,48.20000076,46.25,21.07999992,19.82999992,14.89999962,50.16999817,25.70999908,28.21999931,37.43999863,60.79000092,12.64999962,45.90999985,10.5,14.69999981,39.97000122,20.60000038,23.21999931,23.95000076,6.900000095,15.69999981,10.14999962,49.70000076,22.75,36.58000183,63.5,155.6900024,219.8200073,39.52000046,62.04999924,3.99000001,8.720000267,25.09000015,4.199999809,23.60000038,3.730000019,20.54999924
2017/12/13,172.2700043,4.400000095,33.34999847,78.84999847,10.02999973,11.48999977,20.95000076,54.20000076,2.799999952,19,4.960000038,693.5,319.2600098,133.8500061,48.29999924,46.95000076,20.60000038,19.78000069,15.14999962,48.81999969,25.47999954,28.3010006,37.40000153,60.97000122,13.25,45.97000122,10.85000038,14.75,39.81999969,20.79999924,23.67000008,23.70000076,7.050000191,15.75,10.30000019,50.09999847,23.25,36.63999939,63.86000061,155.9900055,216.9199982,39.38999939,62.29999924,3.900000095,8.850000381,25.14999962,4.320000172,22.8220005,3.710000038,20.35000038
2017/12/14,172.2200012,4.400000095,32.08000183,77.83999634,10,11.11999989,20.39999962,53.15000153,2.630000114,19,4.929999828,681.75,324.5400085,132.9499969,47.86999893,46.84999847,20.54999924,19.72999954,15.19999981,49.08000183,25.52000046,28,37.59999847,60.79999924,12.60000038,46.02999878,10.75,15.25,39.09999847,20.54999924,23.70999908,24.10000038,6.900000095,16.04999924,10.14999962,49.84999847,23,36.45999908,62.83000183,155.8800049,217.6999969,38.43000031,64.65000153,3.880000114,8.649999619,25.29000092,3.579999924,23.97599983,3.700000048,20
2017/12/15,173.9700012,4.400000095,32.58000183,78.91000366,10.19999981,10.92000008,20.70000076,54.79999924,2.700000048,19.20000076,4.880000114,684.4000244,326,134.6999969,47.22999954,46.25,20.5,20.20999908,15.25,48.70000076,25.62000084,28.37800026,38.36999893,61.77999878,12.69999981,46.79000092,11.14999962,16.25,40.40999985,20.89999962,23.95000076,24.5,7,15.75,10.19999981,51.79999924,23.04999924,37.20000076,64.13999939,157.6499939,222.1100006,39.58000183,67.84999847,3.910000086,8.649999619,25.29000092,3.200000048,23.02000046,3.789999962,20.10000038
2017/12/18,176.4199982,4.449999809,31.72999954,80.61000061,10.14999962,10.80000019,21.39999962,55.59999847,2.799999952,19.35000038,4.920000076,682.1099854,332.7799988,136.25,47.61999893,46.75,20.34000015,20.31999969,15.19999981,48.00999832,25.56999969,28.51199913,38.18000031,62.22999954,12.35000038,47.11000061,11.25,16.79999924,41.00999832,20.75,24.18000031,24.35000038,6.949999809,15.44999981,10.19999981,53.59999847,23.54999924,37.13000107,64.91999817,158.6399994,219.2200012,39.97000122,67.55000305,3.930000067,8.850000381,25.28000069,2.849999905,23.21999931,3.779999971,21.29999924
2017/12/19,174.5399933,4.300000191,31.89999962,80.38999939,9.909999847,10.86999989,21.25,54.79999924,2.799999952,19.39999962,4.860000134,681.2199707,334.8699951,135.1999969,49.00999832,45.90000153,20.69000053,19.95000076,15.5,47.93999863,25.54999924,28.42099953,37.79999924,61.83000183,12,46.77000046,11.39999962,16.79999924,40.31999969,20.39999962,23.98999977,24.29999924,6.900000095,15.44999981,10.30000019,52.34999847,24.04999924,36.93999863,64.23000336,157.6999969,218.8800049,39.52999878,68,3.920000076,8.819999695,25.27000046,2.089999914,23.31999969,3.799999952,21.20000076
2017/12/20,174.3500061,4.550000191,32.22999954,80.91000366,9.859999657,10.93000031,21.04999924,54.15000153,2.799999952,19.45000076,4.869999886,695.1799927,329.6700134,135.4499969,48.88000107,45.20000076,20.79999924,20.21999931,15.60000038,47.5,25.45999908,28.37199974,37.93000031,61.91999817,11.55000019,46.52000046,11.55000019,17.35000038,40.72999954,20.29999924,24.09000015,24.5,6.949999809,16.25,10.10000038,53.95000076,24.5,36.45999908,64.55999756,157.5299988,216.5099945,39.41999817,69.65000153,3.940000057,8.859999657,25.38999939,2.00999999,23,3.950000048,21.20000076
2017/12/21,175.0099945,4.300000191,34.27000046,80.31999969,10.01000023,11.19999981,21.35000038,54.84999847,2.880000114,19.10000038,4.889999866,711.539978,329.769989,134.6999969,49.20000076,44.90000153,21.42000008,20.22999954,15.85000038,47.27999878,25.45999908,28.47200012,37.81000137,61.99000168,11.85000038,47.47999954,11.39999962,17.20000076,41.22999954,20.89999962,24.18000031,24.20000076,7,16.10000038,10.14999962,54.09999847,24.45000076,36.24000168,65.06999969,157.5500031,218.4400024,39.61999893,70.5,3.960000038,8.869999886,25.37000084,1.919999957,22.79999924,4.110000134,21.5
2017/12/22,175.0099945,4.449999809,34.40000153,79.69000244,10.27000046,12.27000046,21.25,53.95000076,2.849999905,18.75,4.889999866,695.6400146,325.0299988,134.1000061,49.45000076,44.34999847,21.43000031,19.95999908,15.44999981,46.43999863,25.45999908,28.28000069,37.75999832,61.58000183,12.39999962,47.09999847,11.35000038,17.25,40.58000183,21.04999924,23.40999985,24.39999962,7,16.5,10.02499962,54.34999847,24.75,36.13999939,64.73000336,157.3699951,218.9499969,39.29999924,71.19999695,3.890000105,8.819999695,25.10000038,1.960000038,22.68000031,4.21999979,21.45000076
2017/12/26,170.5700073,4.449999809,34.11999893,78.77999878,10.02000046,12.51000023,21.10000038,53.15000153,2.849999905,18.89999962,4.860000134,708.8800049,327.1000061,133.6499939,49.70000076,44.65000153,21.29999924,19.69000053,15.44999981,45.43999863,25.45000076,28.20000076,37.93999863,61.41999817,12.85000038,47.40999985,10.89999962,17.14999962,40.18000031,21.70000076,23.52000046,24.39999962,6.900000095,16.10000038,9.949999809,53.29999924,25.04999924,36.20999908,64.5,156.5200043,219.7299957,38.75,71.09999847,4,8.680000305,25.09000015,1.980000019,22.42000008,4.289999962,21.85000038
2017/12/27,170.6000061,4.25,33.97999954,79.01999664,9.930000305,12.72999954,21,52.45000076,2.849999905,18.79999924,4.840000153,709.4099731,325.6499939,132.9499969,49.45000076,44.95000076,21.22999954,19.44000053,15.44999981,44.97000122,25.53000069,28.27000046,37.61000061,61.13999939,13,47.13000107,10.80000019,17,39.84999847,21,23.73999977,24.39999962,7,16.39999962,10,53.09999847,25.14999962,36.33000183,64.25,156.5399933,219.9799957,38.45999908,71.84999847,4,8.75,25.11000061,1.929999948,22.26000023,4.440000057,21.14999962
2017/12/28,171.0800018,4.300000191,35.16999817,79.54000092,10.13000011,12.97000027,21,52.20000076,2.849999905,19.10000038,4.760000229,705.8400269,325.9500122,133.1000061,49.52999878,45.79999924,22.01000023,19.46999931,15.39999962,44.52999878,25.51000023,28.35000038,37.91999817,60.95999908,13,47.38000107,10.69999981,16.85000038,40.29000092,20.5,24.15999985,24.10000038,6.949999809,16.14999962,10.14999962,52.75,25.25,36.36999893,64.75,156.7299957,222.5700073,38.70999908,73,3.960000038,8.75,25.12000084,1.820000052,22.18000031,4.75,21.20000076
2017/12/29,169.2299957,4.400000095,33.88999939,78.69999695,10.06999969,12.80000019,20.64999962,51.15000153,2.950000048,19.20000076,4.800000191,703.3499756,323.480011,132.3500061,48.18000031,45.29999924,22.09000015,19.48999977,15.25,43.61999893,25.45999908,28.25,37.74000168,60.34999847,12.55000019,47.54999924,10.69999981,16.75,39.79999924,20.39999962,24.05999947,24.10000038,6.849999905,16.14999962,9.899999619,52.59999847,25.60000038,36.22000122,64.51000214,155.7599945,221.2599945,39.02000046,72.65000153,3.910000086,8.739999771,25.15999985,1.769999981,22.79199982,4.619999886,20.82999992
